:10000000029DB502A45A41085F000002B276758FC6
:1000100001222202B27C02B25A222202B282900350
:100020001FE004F0E0D39402400FE4F090031EE0E0
:1000300004F0E0947E4002E4F0222202AA9CD25B0B
:1000400022220002AA59AF087E0012B1DA9008738A
:10005000EFF0E50875F004A4FF90087CE5F0F0A34C
:10006000EFF030380302056690087CE0FEA3E0FF65
:10007000E42FF58274C63EF583E493900878F0741B
:10008000012FF58274C63EF583E493900879F090D1
:10009000087CE0FEA3E0FF2402F58274C63EF583EF
:1000A000E49390087AF074032FF58274C63EF583CA
:1000B000E49390087BF090093EE0FF640160030246
:1000C00003A6900873E0FE64167016900878E0703E
:1000D00010A3E0700CA3E0B41E07A3E070030203BA
:1000E000CAEE64177016900878E07010A3E0700CE8
:1000F000A3E0B41F07A3E070030203EB900873E0D2
:1001000064187016900878E07010A3E0700CA3E0FB
:10011000B42007A3E0700302040F900873E0FE64AC
:10012000197016900878E07010A3E0700CA3E0B48A
:100130002107A3E07003020434EE641A70169008DD
:1001400078E07010A3E0700CA3E0B42207A3E07085
:1001500003020455900873E0641B7016900878E061
:100160007010A3E0700CA3E0B42307A3E0700302B7
:100170000479900873E0FE641C7016900878E070B3
:1001800010A3E0700CA3E0B42407A3E07003020402
:100190009EEE641D7016900878E07010A3E0700C5D
:1001A000A3E0B42507A3E070030204BF900873E046
:1001B000641E7016900878E07010A3E0700CA3E045
:1001C000B42607A3E070030204E3900873E0FE6422
:1001D0001F7016900878E07010A3E0700CA3E0B4D4
:1001E0002707A3E07003020508EE6420701690084C
:1001F00078E07010A3E0700CA3E0B42D07A3E070CA
:1002000003020529900873E064217016900878E0D5
:100210007010A3E0700CA3E0B42E07A3E0700302FB
:10022000055D900873E0FE64307022900878E070FD
:100230001C90087AE0B41C15900879E0700F9008C3
:100240007BE0700990087A7446F0020870EE643121
:100250007022900878E0701C90087AE0B41815902D
:100260000879E0700F90087BE0700990087A744775
:10027000F0020870900873E064327022900878E011
:10028000701C90087AE0B40C15900879E0700F901B
:10029000087BE0700990087A7448F00208709008B2
:1002A00073E0FE64457022900878E0701C90087A34
:1002B000E0B40B15900879E0700F90087BE07009AE
:1002C00090087A7449F0020870EE64467022900833
:1002D00078E0701C90087AE0B40D15900879E07011
:1002E0000F90087BE0700990087A744AF002087059
:1002F000900873E064477022900878E0701C9008C2
:100300007AE0B40E15900879E0700F90087BE070E9
:100310000990087A744BF0020870900873E0FE644C
:100320005A7022900878E0701C90087AE0B4111599
:10033000900879E0700F90087BE0700990087A745B
:100340004CF0020870EE645B7022900878E0701C3C
:1003500090087AE0B41015900879E0700F90087B4F
:10036000E0700990087A744DF0020870900873E00C
:10037000645C6003020870900878E0600302087013
:1003800090087AE064366003020870900879E060B3
:100390000302087090087BE0600302087090087AFE
:1003A000744EF0020870EF64026003020870900857
:1003B00073E0FF6416701C900878E07016A3E0707C
:1003C00012A3E0B41E0DA3E0700990087A743AF00D
:1003D000020870EF6417701C900878E07016A3E0B4
:1003E0007012A3E0B41F0DA3E0700990087A743B6B
:1003F000F0020870900873E06418701C900878E0B0
:100400007016A3E07012A3E0B4200DA3E070099071
:10041000087A743CF0020870900873E0FF64197069
:100420001C900878E07016A3E07012A3E0B4210DD0
:10043000A3E0700990087A743DF0020870EF641A26
:10044000701C900878E07016A3E07012A3E0B4224C
:100450000DA3E0700990087A743EF00208709008CD
:1004600073E0641B701C900878E07016A3E07012B3
:10047000A3E0B4230DA3E0700990087A743FF00262
:100480000870900873E0FF641C701C900878E0709E
:1004900016A3E07012A3E0B4240DA3E07009900845
:1004A0007A7440F0020870EF641D701C900878E0C8
:1004B0007016A3E07012A3E0B4250DA3E0700990BC
:1004C000087A7441F0020870900873E0641E701C92
:1004D000900878E07016A3E07012A3E0B4260DA394
:1004E000E0700990087A7442F0020870900873E096
:1004F000FF641F701C900878E07016A3E07012A3D0
:10050000E0B4270DA3E0700990087A7443F0020864
:1005100070EF6420701C900878E07016A3E07012F1
:10052000A3E0B42D0DA3E0700990087A7444F002A2
:100530000870900873E064216003020870900878E6
:10054000E06003020870A3E06003020870A3E064A7
:100550002E6003020870A3E0600302087090087A1E
:100560007445F002087090093EE0FF7007E50890BE
:1005700075B08017EFB40107E50890762E800C90D7
:10058000093EE0B4020AE5089076AC9390087AF050
:1005900090087AE0FFD39400500302082290087874
:1005A0007480F0E490087BF0900879F0EF12757891
:1005B00006B68006AE81069B8206B28306BA840622
:1005C000C28506BE86068887064588066689062B8C
:1005D0008A06388C0608A0070BC107A4C207CCC343
:1005E00007E1C407F5C50809C606CAC706F1C8066B
:1005F000FEC90761CA0777CB078DCC0738CD06D86F
:10060000CE0729CF00000870306503020870305A09
:1006100003020870050DE50DD394FA50030208702B
:10062000E4F50D12A084D23E0208702037057F0A3F
:100630000206C47F130206C42037057F0C0206C4DD
:100640007F120206C42037047F088078E490087B7C
:10065000F090087AF0900879F004F0783746F6A325
:100660007452F00208702037047F098057E4900824
:100670007BF090087AF0900879F07408F0783746AB
:10068000F6A37407F00208702037047F07803578DE
:1006900078E620E1030208700207EA2037047F02AF
:1006A00080227879E620E1030208700207D57F01F5
:1006B00080127F03800EE4FF800A7F0480067F069D
:1006C00080027F0512AC410208707874E620E503D1
:1006D000020870B2400208707873E620E503020851
:1006E0007090093EE004F0E0D394024047E4F080CB
:1006F000437874E620E303020870C23780367875C9
:10070000E620E303020870D23780297880E620E2F1
:100710000302087090092DE004F0E0D39415500313
:100720000207C67401F00207C67880E620E30302E0
:100730000870B242D23D80237881E620E0030208AF
:100740007020280302087020650AD26512A524D201
:100750003D020870C265C23D12789712003E020841
:10076000707874E620E10302087090092D7413F08C
:100770009009457401802A7875E620E1030208702B
:1007800090092D7413F0900945740280147876E670
:1007900020E10302087090092D7413F0900945744C
:1007A00003F08022787CE620E403020870302803FE
:1007B000020870E51670037516070516E516D39442
:1007C000084003751601128CBB020870787FE62082
:1007D000E20302087090094274AAF012B00A0208FB
:1007E00070787EE620E20302087090094274AAF055
:1007F00012B029807B787EE630E375E5156002153E
:1008000015E515706BD23D8067787DE630E361E5D4
:1008100015C3940450020515E51564047052D23DC9
:10082000804E90087CE0FEA3E0FFE42FF58274C6C2
:100830003EF583E493900878F074012FF58274C636
:100840003EF583E493900879F090087CE0FEA3E005
:10085000FF2402F58274C63EF583E49390087AF093
:1008600074032FF58274C63EF583E49390087BF001
:10087000304246303803020916900873E0FFB47125
:100880000890087A7450020912EFB4720790087A3F
:100890007451807EEFB4730790087A744F8073EFC1
:1008A000645E7072785BE65410FF784EE654104F29
:1008B000706490087A7452805930385A900873E006
:1008C000FDB4711290087A7450F0E4A3F0900879A6
:1008D000E054BFF08040EDB4720790087A74518004
:1008E00031900873E0FDB4731290087A744FF0E40D
:1008F000A3F0900879E054EFF0801BEDB45E177818
:100900005BE65410FF784EE654104F700990087A59
:100910007452F0E4A3F0900878E0FC6480702390B7
:10092000087AE0FF30E703020BE3900879E07837BC
:1009300046F612AE36E50E6003020BE3A3E0FF02BB
:10094000B062EC6003020ACF303764900873E0FFB6
:10095000646A701B900879E0B40814A3E07010A3D7
:10096000E0700C900878E07006A37404F08040EF0B
:10097000646B701B900879E0B40414A3E07010A3BA
:10098000E0700C900878E07006A37408F080209066
:100990000873E0B47019900879E0B44012A3E070D5
:1009A0000EA3E0700A900878E07004A37480F090C1
:1009B0000879E0783746F6304004E65477F630425E
:1009C000092038067837E654AFF690087AE0FF60E1
:1009D0000C12AE36E50E7005E0FF12B06290087B97
:1009E000E0FF600C12AE36E50E7005E0FF12B0625B
:1009F000E50E64AA6003020BE330047290087AE00B
:100A0000603564B06031E0FD24FCFFE434FFFEEFAC
:100A10007803CEC313CE13D8F9900871F0ED24FCFF
:100A20005407FFA3F0900871E02464F8C000F912A5
:100A3000B1E8E74FD000F690087BE07003020BE3CB
:100A400064B07003020BE3E0FD24FCFFE434FFFE1E
:100A5000EF7803CEC313CE13D8F9900871F0ED24CC
:100A6000FC5407FFA3F0900871E0246480549008C0
:100A70007AE0FF602664B06022E0131313541F90E5
:100A80000871F0EF5407FFA3F0900871E02465F8B7
:100A9000C000F912B1E8E74FD000F690087BE0FF04
:100AA0007003020BE364B07003020BE3E013131353
:100AB000541F900871F0EF5407FFA3F0900871E005
:100AC0002465F8C000F912B1E8E74FD000F6229093
:100AD0000878E0FFB4010C90087AE0788AF6A3E089
:100AE00008F622EF64026003020BE390087AE0B498
:100AF000046690087412753B00000001900874E0D1
:100B0000FCA3E0FDA3E0FEA3E0FF900879E0F9F884
:100B100012751C90087412752F900827E0FCA3E052
:100B2000FDA3E0FEA3E0FF900874E0F8A3E0F9A3C2
:100B3000E0FAA3E0FBEF4BFFEE4AFEED49FDEC4887
:100B4000FC90082712752F900879E02450F582E474
:100B50003408F5837401F02290087AE064016003A0
:100B6000020BE390087412753B00000001900874BA
:100B7000E0FCA3E0FDA3E0FEA3E0FF900879E0F92C
:100B8000F812751C90087412752FAF0812B20E740B
:100B9000732FF8E6FEC006AF0812B1CCD0E05F605C
:100BA00042900827E0FCA3E0FDA3E0FEA3E0FF9055
:100BB0000874E0F8A3E0F9A3E0FAA3E0FBEF4BFF31
:100BC000EE4AFEED49FDEC48FC90082712752F9087
:100BD000087BE0FF900879E02450F582E43408F5C2
:100BE00083EFF02290089AEFF0300406900934E584
:100BF0001FF07F0190089AE0FE643F707A900934FC
:100C0000E030E15CEEFD7C00129597EF24FCFFE400
:100C10003403FE90089AE0FD75F002A42411F582D9
:100C2000E5F03401F583EEF0A3EFF07F0212959723
:100C3000EF24FCFFE4340312957CEF24FCFFE43442
:100C400003FE90089AE075F002A42415F582E5F001
:100C50003400F583EEF0A3EFF0D248E4FF02105C1D
:100C600020480302105CC24830310302103B2028A8
:100C70000302105C02104A90089AE0FE646A707ADF
:100C800030405EEEFD7C007F01129597EF24FCFF63
:100C9000E43403FE90089AE0FD75F002A42411F5F7
:100CA00082E5F03401F583EEF0A3EFF07F021295B8
:100CB00097EF24FCFFE4340312957CEF24FCFFE45F
:100CC0003403FE90089AE075F002A42415F582E53D
:100CD000F03400F583EEF0A3EFF0D249E4FF021008
:100CE0005C304911C24930310302103B2028030215
:100CF000105C02104A7F0102105C90089AE0FE64CA
:100D00002B7053300139900926E064AA60311295A6
:100D100037EFFD900926E075F004A42DFFEC35F0C7
:100D2000FE90089AE075F002A42415F582E5F034EF
:100D300000F583EEF0A3EFF0D243E4FF02105C2055
:100D4000430302105CC24330310302103B202803EE
:100D500002105C02104A90089AE0FE642C70533036
:100D60000239900926E064AA6031129537EFFD90B0
:100D70000926E075F004A42DFFEC35F0FE90089AEA
:100D8000E075F002A42415F582E5F03400F583EE59
:100D9000F0A3EFF0D244E4FF02105C204403021001
:100DA0005CC24430310302103B20280302105C0275
:100DB000104A90089AE0FE642D7053300339900970
:100DC00026E064AA6031129537EFFD900926E075A0
:100DD000F004A42DFFEC35F0FE90089AE075F002C7
:100DE000A42415F582E5F03400F583EEF0A3EFF0CE
:100DF000D245E4FF02105C20450302105CC245307E
:100E0000310302103B20280302105C02104A9008B4
:100E10009AE0FE64346003020EDD200003020EBC83
:100E2000900926E0FD64AA7003020EBCED64AB706D
:100E300003020EBCEEFD7C007F02129597EFFD9041
:100E40000926E075F004A42DFFEC35F0FE90089A19
:100E5000E0FD75F002A4240DF582E5F03402F5837F
:100E6000EEF0A3EFF07F01129597EFFD900926E0D9
:100E700075F004A42DFFEC35F0FE90089AE0FD75A6
:100E8000F002A42411F582E5F0340112958EEFFDF5
:100E9000900926E075F004A42DFFEC35F0FE9008D3
:100EA0009AE075F002A42415F582E5F03400F5838C
:100EB000EEF0A3EFF0D246E4FF02105C20460302FE
:100EC000105CC24630310B90089A1236CBE4FF0218
:100ED000105C30280302104A7F0102105C90089ACF
:100EE000E0FE646E6003020F95A22C7221400302A3
:100EF0000F7AEEFD7C007F01129597EFFD90091EA1
:100F0000E075F004A42DFFEC35F0FE90089AE0FDAA
:100F100075F002A42411F582E5F0340112958EEFEC
:100F2000FD90091EE075F004A42DFFEC35F0FE9055
:100F3000089AE0FD75F002A42415F582E5F034006E
:100F4000F583EEF0A3EFF07F02129597EFFD900985
:100F50001EE075F004A42DFFEC35F0FE90089AE039
:100F600075F002A4240DF582E5F03402F583EEF06D
:100F7000A3EFF0E4FFD24A02105C304A13C24A30B9
:100F8000310302103B30280302104A7F0102105C3B
:100F90007F0102105C90089AE0FE64766003021004
:100FA0005C90092FE064AA7003021033EEFD7C0010
:100FB0007F01129597EFFD90092FE075F004A42DA5
:100FC000FFEC35F0FE90089AE0FD75F002A42411C4
:100FD000F582E5F0340112958EEFFD90092FE07552
:100FE000F004A42DFFEC35F0FE90089AE0FD75F0BA
:100FF00002A42415F582E5F03400F583EEF0A3EFAA
:10100000F07F02129597EFFD90092FE075F004A490
:101010002DFFEC35F0FE90089AE075F002A4240D47
:10102000F582E5F03402F583EEF0A3EFF0E4FFD2B1
:10103000478029304724C24730310C90089AE0FF9E
:101040001257B4E4FF801530280C90089AE0FF1284
:101050007108E4FF80067F0180027F0122205B038C
:101060000210EEC25B7F6412A9DD7D5A7F007EC84C
:1010700012A74290092DE0FD7F0112A74290094579
:10108000E0FD7F0212A742AD167F0312A74290092E
:101090003FE0FD7F0412A742900920E0FD7F05128A
:1010A000A742AD1A7F0612A742AD197F0712A742C9
:1010B000AD187F0812A742AD177F0912A74230373B
:1010C000067D017F0A8006E4FD7F0A7EC812A742E2
:1010D00090093EE0FD7F0B7EC812A7423042067D9C
:1010E000017F0C8006E4FD7F0C7EC812A74222001F
:1010F00000000000000000000000000000000000F0
:101100000000000000000000E4900893F0900893B5
:10111000E0FFC3947E502C741A2FF582E43407F557
:1011200083E4F0749C2FF582E43406F583E4F074D4
:101130001E2FF582E43406F583E4F0900893E00472
:10114000F080CAA2107233721172137212721450AC
:101150006BE516B4010A751AFFE4F518F519805C01
:10116000E516B4020B751AFF7519FFE4F518804CEB
:10117000E516B4030A7519FFE4F51AF518803DE584
:1011800016B4040A7518FFE4F51AF519802EE51651
:10119000B4050B7518FF7519FFE4F51A801EE516E6
:1011A000B4060B7518FF751AFFE4F519800EE516E5
:1011B000B407097518FF751AFF7519FF203303026C
:1011C0001648E4900893F0900893E0FFC39406401B
:1011D0000302264E75F015EFA42432F582E5F034B3
:1011E00006F583E4F075F015EFA424B0F582E5F080
:1011F0003406F5837454F075F015EFA4242EF582AF
:10120000E5F03407F58374A8F075F015EFA42431E8
:10121000F582E5F03406F583740CF075F015EFA453
:1012200024AFF582E5F03406F5837460F075F015AF
:10123000EFA4242DF582E5F03407F58374B4F0753E
:10124000F015EFA42430F582E5F03406F583741828
:10125000F075F015EFA424AEF582E5F03406F583C1
:10126000746CF075F015EFA4242CF582E5F03407CA
:10127000F58374C0F075F015EFA4242FF582E5F026
:101280003406F5837424F075F015EFA424ADF582CF
:10129000E5F03406F5837478F075F015EFA4242B8F
:1012A000F582E5F03407F58374CCF075F015EFA402
:1012B000242EF582E5F03406F5837430F075F015D0
:1012C000EFA424ACF582E5F03406F5837484F07560
:1012D000F015EFA4242AF582E5F03407F58374D8DD
:1012E000F075F015EFA4242DF582E5F03406F583B2
:1012F000743CF075F015EFA424ABF582E5F03406EC
:10130000F5837490F075F015EFA42429F582E5F0CB
:101310003407F58374E4F075F015EFA4242CF582FE
:10132000E5F03406F5837448F075F015EFA424AAAF
:10133000F582E5F03406F583749CF075F015EFA4A2
:101340002428F582E5F03407F58374F0F075F01584
:10135000EFA4242BF582E5F03406F5837454F07580
:10136000F015EFA424A9F582E5F03406F58374A8FE
:10137000F075F015EFA42427F582E5F03407F58326
:10138000E4F075F015EFA4242AF582E5F03406F5B3
:10139000837460F075F015EFA424A8F582E5F034AD
:1013A00006F58374B4F075F015EFA42426F582E5F4
:1013B000F03407F583740CF075F015EFA42429F5CB
:1013C00082E5F03406F583746CF075F015EFA42413
:1013D000A7F582E5F03406F58374C0F075F015EFDB
:1013E000A42425F582E5F03407F5837418F075F030
:1013F00015EFA42428F582E5F03406F5837478F01F
:1014000075F015EFA424A6F582E5F03406F5837493
:10141000CCF075F015EFA42424F582E5F03407F53F
:10142000837424F075F015EFA42427F582E5F034D9
:1014300006F5837484F075F015EFA424A5F582E514
:10144000F03406F58374D8F075F015EFA42423F575
:1014500082E5F03407F5837430F075F015EFA424BD
:1014600026F582E5F03406F5837490F075F015EFFB
:10147000A424A4F582E5F03406F58374E4F075F055
:1014800015EFA42422F582E5F03407F583743CF0CF
:1014900075F015EFA42425F582E5F03406F5837484
:1014A0009CF075F015EFA424A3F582E5F03406F561
:1014B0008374F0F075F015EFA42421F582E5F03483
:1014C00007F5837448F075F015EFA42424F582E540
:1014D000F03406F58374A8F075F015EFA424A2F596
:1014E00082E5F03406F583E4F075F015EFA42420CE
:1014F000F582E5F03407F5837454F075F015EFA428
:101500002423F582E5F03406F58374B4F075F01504
:10151000EFA424A1F582E5F03406F583740CF07590
:10152000F015EFA4241FF582E5F03407F58374600D
:10153000F075F015EFA42422F582E5F03406F5836A
:1015400074C0F075F015EFA424A0F582E5F0340620
:10155000F5837418F075F015EFA4241EF582E5F0FC
:101560003407F583746CF075F015EFA42421F5822F
:10157000E5F03406F58374CCF075F015EFA4249FE4
:10158000F582E5F03406F5837424F075F015EFA4C8
:10159000241DF582E5F03407F5837478F075F015B5
:1015A000EFA42420F582E5F03406F58374D8F075B5
:1015B000F015EFA4249EF582E5F03406F58374302F
:1015C000F075F015EFA4241CF582E5F03407F583DF
:1015D0007484F075F015EFA4241FF582E5F034064D
:1015E000F58374E4F075F015EFA4249DF582E5F021
:1015F0003406F583743CF075F015EFA4241BF582D6
:10160000E5F03407F5837490F075F015EFA4241E0F
:10161000F582E5F03406F58374F0F075F015EFA46B
:10162000249CF582E5F03406F5837448F075F015D6
:10163000EFA4241AF582E5F03407F583749CF0904A
:101640000893E004F00211C7201003021A6AE49024
:101650000893F0900893E0FFC3940A503BE0FE909B
:10166000673893241EF582E43406F583E4F0EE90A7
:10167000673893249CF582E43406F5837454F0EFC4
:1016800090673893241AF582E43407F58374A8F040
:10169000900893E004F080BBE4900893F0900893E6
:1016A000E0FFC39409503CE0FE90674293241EF58E
:1016B00082E43406F5837411F0EE90674293249C23
:1016C000F582E43406F5837465F0EF906742932465
:1016D0001AF582E43407F58374B9F0900893E004B6
:1016E000F080BAE4900893F0900893E0FFC3940967
:1016F000503CE0FE90674B93241EF582E43406F5DF
:10170000837422F0EE90674B93249CF582E43406B8
:10171000F5837433F0EF90674B93241AF582E43429
:1017200007F58374CAF0900893E004F080BAE4905F
:101730000893F0900893E0FFC39407503CE0FE90BC
:10174000675493241EF582E43406F5837433F0EE77
:1017500090675493249CF582E43406F5837487F0F3
:10176000EF90675493241AF582E43407F58374DB11
:10177000F0900893E004F080BAE4900893F09008A9
:1017800093E0FFC39403503CE0FE90675B93241EFC
:10179000F582E43406F5837444F0EE90675B93249D
:1017A0009CF582E43406F5837498F0EF90675B93C0
:1017B000241AF582E43407F58374ECF0900893E082
:1017C00004F080BAE4900893F0900893E0FFC3948B
:1017D00003503CE0FE90675E93241EF582E43406DD
:1017E000F5837455F0EE90675E93249CF582E434A3
:1017F00006F58374A9F0EF90675E93241AF582E4EE
:101800003407F583740DF0900893E004F080BAE497
:10181000900893F0900893E0FFC39404503CE0FEDE
:1018200090676193241EF582E43406F5837466F0B4
:10183000EE90676193249CF582E43406F58374BAD4
:10184000F0EF90676193241AF582E43407F583740E
:101850001EF0900893E004F080BAE4900893F090B2
:101860000893E0FFC39407503CE0FE906765932423
:101870001EF582E43406F5837477F0EE9067659385
:10188000249CF582E43406F58374CBF0EF90676511
:1018900093241AF582E43407F583742FF0900893AB
:1018A000E004F080BAE4900893F0900893E0FFC35E
:1018B0009404503CE0FE90676C93241EF582E4345F
:1018C00006F5837488F0EE90676C93249CF582E4AF
:1018D0003406F58374DCF0EF90676C93241AF5827C
:1018E000E43407F5837440F0900893E004F080BA84
:1018F000E4900893F0900893E0FFC3940D503CE00F
:10190000FE90677093241EF582E43406F583749983
:10191000F0EE90677093249CF582E43406F58374AE
:10192000EDF0EF90677093241AF582E43407F583A5
:101930007451F0900893E004F080BAE4900893F0BA
:10194000900893E0FFC3940B503CE0FE90677D93BA
:10195000241EF582E43406F58374AAF0EE90677DC8
:1019600093249CF582E43406F583740EF0EF9067BF
:101970007D93241AF582E43407F5837462F09008AD
:1019800093E004F080BAE4900893F0900893E0FFAD
:10199000C3940B503CE0FE90678893241EF582E4CC
:1019A0003406F58374BBF0EE90678893249CF5822F
:1019B000E43406F583741FF0EF90678893241AF5DA
:1019C00082E43407F5837473F0900893E004F080A8
:1019D000BAE4900893F0900893E0FFC3940C503C55
:1019E000E0FE90679393241EF582E43406F5837439
:1019F000CCF0EE90679393249CF582E43406F58353
:101A00007430F0EF90679393241AF582E43407F56D
:101A1000837484F0900893E004F080BAE490089313
:101A2000F0900893E0FFC39418400302264EE0FEB6
:101A300090679F93241EF582E43406F58374DDF0ED
:101A4000EE90679F93249CF582E43406F5837441FD
:101A5000F0EF90679F93241AF582E43407F58374BE
:101A600095F0900893E004F080B7201103021B74F6
:101A7000E4900893F0900893E0FFC39415400302AC
:101A8000264E74872FF582E43406F583E4F07472F1
:101A90002FF582E43406F583740EF0745D2FF58221
:101AA000E43406F583741CF074482FF582E43406A0
:101AB000F5837420F074332FF582E43406F58374D3
:101AC0002EF0741E2FF582E43406F583743CF07416
:101AD000052FF582E43407F583744AF074F02FF58E
:101AE00082E43406F5837458F074DB2FF582E43415
:101AF00006F5837466F074C62FF582E43406F58328
:101B00007474F074B12FF582E43406F5837482F0B6
:101B1000749C2FF582E43406F5837490F074832F5F
:101B2000F582E43407F583749EF0746E2FF582E439
:101B30003407F58374ACF074592FF582E43407F55B
:101B40008374BAF074442FF582E43407F58374C8C3
:101B5000F0742F2FF582E43407F58374D6F0741AED
:101B60002FF582E43407F58374E4F0900893E004E1
:101B7000F0021A75201303021CF3E4900893F0900E
:101B80000893E0FFC3941C503CE0FE90681E932431
:101B90001AF582E43407F5837448F0EE90681E93DA
:101BA000249CF582E43406F583749CF0EF90681E63
:101BB00093241EF582E43406F58374F0F0900893C4
:101BC000E004F080BAE4900893F0900893E0FFC33B
:101BD0009424503CE0FE9067FA93241AF582E43492
:101BE00007F5837460F0EE9067FA93249CF582E425
:101BF0003406F58374C0F0EF9067FA93241EF582E3
:101C0000E43406F583740CF0900893E004F080BA95
:101C1000E4900893F0900893E0FFC39420503CE0D8
:101C2000FE9067DA93241AF582E43407F58374781A
:101C3000F0EE9067DA93249CF582E43406F5837421
:101C4000D8F0EF9067DA93241EF582E43406F5832A
:101C50007424F0900893E004F080BAE4900893F0C4
:101C6000900893E0FFC3941C503CE0FE9067BE9345
:101C7000241AF582E43407F5837490F0EE9067BE81
:101C800093249CF582E43406F58374E4F0EF9067C6
:101C9000BE93241EF582E43406F583743CF090086C
:101CA00093E004F080BAE4900893F0900893E0FF8A
:101CB000C39407400302264EE0FE9067B793241AB0
:101CC000F582E43407F58374A8F0EE9067B79324A7
:101CD0009CF582E43406F583E4F0EF9067B7932433
:101CE0001EF582E43406F5837454F0900893E00402
:101CF000F080B82012030225EBE4900893F09008DE
:101D000093E0FFC39406400302264EEF75F01520C2
:101D1000E00302217AA42432F582E5F03406F5834B
:101D2000E4F075F015EFA424B0F582E5F03406F583
:101D3000837454F075F015EFA4242EF582E5F03489
:101D400007F58374A8F075F015EFA42431F582E54A
:101D5000F03406F583740CF075F015EFA424AFF59C
:101D600082E5F03406F5837460F075F015EFA42475
:101D70002DF582E5F03407F58374B4F075F015EFB6
:101D8000A42430F582E5F03406F5837418F075F07C
:101D900015EFA424AEF582E5F03406F583746CF0FB
:101DA00075F015EFA4242CF582E5F03407F5837463
:101DB000C0F075F015EFA4242FF582E5F03406F598
:101DC000837424F075F015EFA424ADF582E5F034AA
:101DD00006F5837478F075F015EFA4242BF582E5F1
:101DE000F03407F58374CCF075F015EFA4242EF5CC
:101DF00082E5F03406F5837430F075F015EFA42415
:101E0000ACF582E5F03406F5837484F075F015EFD7
:101E1000A4242AF582E5F03407F58374D8F075F030
:101E200015EFA4242DF582E5F03406F583743CF01B
:101E300075F015EFA424ABF582E5F03406F5837454
:101E400090F075F015EFA42429F582E5F03407F53C
:101E50008374E4F075F015EFA4242CF582E5F034DA
:101E600006F5837448F075F015EFA424AAF582E511
:101E7000F03406F583749CF075F015EFA42428F572
:101E800082E5F03407F58374F0F075F015EFA424C3
:101E90002BF582E5F03406F5837454F075F015EFF8
:101EA000A424A9F582E5F03406F58374A8F075F052
:101EB00015EFA42427F582E5F03407F583E4F075E7
:101EC000F015EFA4242AF582E5F03406F58374605A
:101ED000F075F015EFA424A8F582E5F03406F5833B
:101EE00074B4F075F015EFA42426F582E5F03407FC
:101EF000F583740CF075F015EFA42429F582E5F054
:101F00003406F583746CF075F015EFA424A7F58200
:101F1000E5F03406F58374C0F075F015EFA42425C0
:101F2000F582E5F03407F5837418F075F015EFA429
:101F30002428F582E5F03406F5837478F075F01501
:101F4000EFA424A6F582E5F03406F58374CCF07591
:101F5000F015EFA42424F582E5F03407F58374240A
:101F6000F075F015EFA42427F582E5F03406F5832B
:101F70007484F075F015EFA424A5F582E5F034061D
:101F8000F58374D8F075F015EFA42423F582E5F0FD
:101F90003407F5837430F075F015EFA42426F5822C
:101FA000E5F03406F5837490F075F015EFA424A4E1
:101FB000F582E5F03406F58374E4F075F015EFA4CE
:101FC0002422F582E5F03407F583743CF075F015B2
:101FD000EFA42425F582E5F03406F583749CF075B2
:101FE000F015EFA424A3F582E5F03406F58374F030
:101FF000F075F015EFA42421F582E5F03407F583A0
:102000007448F075F015EFA42424F582E5F0340649
:10201000F58374A8F075F015EFA424A2F582E5F01D
:102020003406F583E4F075F015EFA42420F582E57D
:10203000F03407F5837454F075F015EFA42423F5FC
:1020400082E5F03406F58374B4F075F015EFA4243E
:10205000A1F582E5F03406F583740CF075F015EF08
:10206000A4241FF582E5F03407F5837460F075F061
:1020700015EFA42422F582E5F03406F58374C0F050
:1020800075F015EFA424A0F582E5F03406F583740D
:1020900018F075F015EFA4241EF582E5F03407F56D
:1020A00083746CF075F015EFA42421F582E5F0340B
:1020B00006F58374CCF075F015EFA4249FF582E546
:1020C000F03406F5837424F075F015EFA4241DF5A3
:1020D00082E5F03407F5837478F075F015EFA424E9
:1020E00020F582E5F03406F58374D8F075F015EF2D
:1020F000A4249EF582E5F03406F5837430F075F083
:1021000015EFA4241CF582E5F03407F5837484F000
:1021100075F015EFA4241FF582E5F03406F58374FD
:10212000E4F075F015EFA4249DF582E5F03406F592
:1021300083743CF075F015EFA4241BF582E5F034B0
:1021400007F5837490F075F015EFA4241EF582E571
:10215000F03406F58374F0F075F015EFA4249CF5C7
:1021600082E5F03406F5837448F075F015EFA42489
:102170001AF582E5F034070225DDEFA4241EF5826E
:10218000E5F03406F583E4F075F015EFA4249CF532
:1021900082E5F03406F5837454F075F015EFA4244D
:1021A0001AF582E5F03407F58374A8F075F015EFA1
:1021B000A4241FF582E5F03406F583740CF075F065
:1021C00015EFA4249DF582E5F03406F5837460F0E4
:1021D00075F015EFA4241BF582E5F03407F5837440
:1021E000B4F075F015EFA42420F582E5F03406F57F
:1021F000837418F075F015EFA4249EF582E5F03491
:1022000006F583746CF075F015EFA4241CF582E5D7
:10221000F03407F58374C0F075F015EFA42421F5B0
:1022200082E5F03406F5837424F075F015EFA424EC
:102230009FF582E5F03406F5837478F075F015EFBC
:10224000A4241DF582E5F03407F58374CCF075F015
:1022500015EFA42422F582E5F03406F5837430F0FE
:1022600075F015EFA424A0F582E5F03406F583742B
:1022700084F075F015EFA4241EF582E5F03407F51F
:102280008374D8F075F015EFA42423F582E5F034BB
:1022900006F583743CF075F015EFA424A1F582E5F2
:1022A000F03406F5837490F075F015EFA4241FF553
:1022B00082E5F03407F58374E4F075F015EFA4249B
:1022C00024F582E5F03406F5837448F075F015EFD7
:1022D000A424A2F582E5F03406F583749CF075F031
:1022E00015EFA42420F582E5F03407F58374F0F0AF
:1022F00075F015EFA42425F582E5F03406F5837416
:1023000054F075F015EFA424A3F582E5F03406F53A
:102310008374A8F075F015EFA42421F582E5F0345C
:1023200007F583E4F075F015EFA42426F582E5F0B7
:102330003406F5837460F075F015EFA424A4F582DB
:10234000E5F03406F58374B4F075F015EFA424229B
:10235000F582E5F03407F583740CF075F015EFA401
:102360002427F582E5F03406F583746CF075F015DA
:10237000EFA424A5F582E5F03406F58374C0F0756A
:10238000F015EFA42423F582E5F03407F5837418E3
:10239000F075F015EFA42428F582E5F03406F583F6
:1023A0007478F075F015EFA424A6F582E5F03406F4
:1023B000F58374CCF075F015EFA42424F582E5F0D4
:1023C0003407F5837424F075F015EFA42429F58201
:1023D000E5F03406F5837484F075F015EFA424A7B6
:1023E000F582E5F03406F58374D8F075F015EFA4A6
:1023F0002425F582E5F03407F5837430F075F01587
:10240000EFA4242AF582E5F03406F5837490F07584
:10241000F015EFA424A8F582E5F03406F58374E402
:10242000F075F015EFA42426F582E5F03407F58366
:10243000743CF075F015EFA4242BF582E5F034061A
:10244000F583749CF075F015EFA424A9F582E5F0EE
:102450003406F58374F0F075F015EFA42427F582A7
:10246000E5F03407F5837448F075F015EFA4242CDB
:10247000F582E5F03406F58374A8F075F015EFA445
:1024800024AAF582E5F03406F583E4F075F015EF43
:10249000A42428F582E5F03407F5837454F075F030
:1024A00015EFA4242DF582E5F03406F58374B4F01D
:1024B00075F015EFA424ABF582E5F03406F58374CE
:1024C0000CF075F015EFA42429F582E5F03407F53A
:1024D000837460F075F015EFA4242EF582E5F034D6
:1024E00006F58374C0F075F015EFA424ACF582E511
:1024F000F03406F5837418F075F015EFA4242AF56E
:1025000082E5F03407F583746CF075F015EFA424C0
:102510002FF582E5F03406F58374CCF075F015EFF5
:10252000A424ADF582E5F03406F5837424F075F04B
:1025300015EFA4242BF582E5F03407F5837478F0C9
:1025400075F015EFA42430F582E5F03406F58374B8
:10255000D8F075F015EFA424AEF582E5F03406F559
:10256000837430F075F015EFA4242CF582E5F03477
:1025700007F5837484F075F015EFA42431F582E536
:10258000F03406F58374E4F075F015EFA424AFF58C
:1025900082E5F03406F583743CF075F015EFA42461
:1025A0002DF582E5F03407F5837490F075F015EFA2
:1025B000A42432F582E5F03406F58374F0F075F06A
:1025C00015EFA424B0F582E5F03406F5837448F0E5
:1025D00075F015EFA4242EF582E5F03407F5837429
:1025E0009CF0900893E004F0021CFE301460E4902C
:1025F0000893F0900894E0FF12B11C7C007DF0126B
:102600007447AE04AF05C374F09DFC900893E0FBE3
:10261000241EF582E43406F583ECF0C374449DFD7A
:10262000749C2BF582E43406F583EDF0AD07C3749A
:10263000989DFD900893E0241AF582E43407F58311
:10264000EDF0900893E004F0E0C3947E40A5229062
:10265000086D740AF0303D03022CC12024030228C7
:1026600075900943E004F0E0D395155003022CC1A6
:10267000E4F090086CF090086CE0FFC3947E400397
:10268000022CC1120BE4EF700302286C90086CE07E
:10269000FD7C00E4FF12959790086CE0FD75F00258
:1026A000A42415F582E5F03400F583E0FAA3E0D325
:1026B0009FEA9400402E75F002EDA42415F582E502
:1026C000F03400F583C083C0827E00C3A3E0951779
:1026D000FF0582D5820215831582E09ED082D083C9
:1026E000F0A3EFF090086CE0FD7C007F011295975D
:1026F00090086CE0FD75F002A42411F582E5F03439
:1027000001F583E0FAA3E0D39FEA9400402E75F030
:1027100002EDA42411F582E5F03401F583C083C0F5
:10272000827E00C3A3E09517FF0582D58202158340
:102730001582E09ED082D083F0A3EFF090086CE089
:10274000FD7C007F0212959790086CE0FD75F00209
:10275000A4240DF582E5F03402F583E0FAA3E0D37A
:102760009FEA9400402E75F002EDA4240DF582E559
:10277000F03402F583C083C0827E00C3A3E09517C6
:10278000FF0582D5820215831582E09ED082D08318
:10279000F0A3EFF090086CE0FD7C00E4FF12959749
:1027A00090086CE0FD75F002A42415F582E5F03484
:1027B00000F583E0FAA3E0C39FEA9400501E7C007A
:1027C000E4FF12959790086CE075F002A42415F5CB
:1027D00082E5F03400F583E4F0A3EFF090086CE0BC
:1027E000FD7C007F0112959790086CE0FD75F0026A
:1027F000A42411F582E5F03401F583E0FAA3E0C3E7
:102800009FEA9400501E7C007F0112959790086CFF
:10281000E075F002A42411F582E5F03401F583E4BB
:10282000F0A3EFF090086CE0FD7C007F021295971A
:1028300090086CE0FD75F002A4240DF582E5F034FB
:1028400002F583E0FAA3E0C39FEA9400501E7C00E7
:102850007F0212959790086CE075F002A4240DF5A4
:1028600082E5F03402F583E4F0A3EFF090086CE029
:1028700004F0022676A22672227216722340030208
:102880002A95E490086CF090086CE0FFC3947E40B9
:1028900003022CC1120BE4EF7003022A8C90086C27
:1028A000E0FD7C00E4FF12959790086CE0FD75F068
:1028B00002A42415F582E5F03400F583E0FAA3E0E4
:1028C000D39FEA9400403375F002EDA42415F582FD
:1028D000E5F03400F583C083C082E5172409FFE4E6
:1028E00033FEC3A3E09FFF0582D5820215831582C4
:1028F000E09ED082D083F0A3EFF090086CE0FD7CE6
:10290000007F0112959790086CE0FD75F002A424F9
:1029100011F582E5F03401F583E0FAA3E0D39FEAF4
:102920009400403375F002EDA42411F582E5F034F3
:1029300001F583C083C082E5172409FFE433FEC399
:10294000A3E09FFF0582D5820215831582E09ED009
:1029500082D083F0A3EFF090086CE0FD7C007F0252
:1029600012959790086CE0FD75F002A4240DF58295
:10297000E5F03402F583E0FAA3E0D39FEA94004047
:102980003375F002EDA4240DF582E5F03402F583F1
:10299000C083C082E5172409FFE433FEC3A3E09F90
:1029A000FF0582D5820215831582E09ED082D083F6
:1029B000F0A3EFF090086CE0FD7C00E4FF12959727
:1029C00090086CE0FD75F002A42415F582E5F03462
:1029D00000F583E0FAA3E0C39FEA9400501E7C0058
:1029E000E4FF12959790086CE075F002A42415F5A9
:1029F00082E5F03400F583E4F0A3EFF090086CE09A
:102A0000FD7C007F0112959790086CE0FD75F00247
:102A1000A42411F582E5F03401F583E0FAA3E0C3C4
:102A20009FEA9400501E7C007F0112959790086CDD
:102A3000E075F002A42411F582E5F03401F583E499
:102A4000F0A3EFF090086CE0FD7C007F02129597F8
:102A500090086CE0FD75F002A4240DF582E5F034D9
:102A600002F583E0FAA3E0C39FEA9400501E7C00C5
:102A70007F0212959790086CE075F002A4240DF582
:102A800082E5F03402F583E4F0A3EFF090086CE007
:102A900004F0022887A21D721C721E721F72177228
:102AA00018722B4003022CC1E490086CF090086C63
:102AB000E0FFC3947E4003022CC1120BE4EF7003CD
:102AC000022CB890086CE0FD7C00E4FF1295979012
:102AD000086CE0FD75F002A42415F582E5F03400E1
:102AE000F583E0FAA3E0D39FEA9400403575F00245
:102AF000EDA42415F582E5F03400F583E0FAA3E0B7
:102B0000C39517FFEA9400CF24FBCF34FFFE75F086
:102B100002EDA42415F582E5F03400F583EEF0A370
:102B2000EFF090086CE0FD7C007F01129597900813
:102B30006CE0FD75F002A42411F582E5F03401F596
:102B400083E0FAA3E0D39FEA9400403575F002EDEC
:102B5000A42411F582E5F03401F583E0FAA3E0C383
:102B60009517FFEA9400CF24FBCF34FFFE75F002E7
:102B7000EDA42411F582E5F03401F583EEF0A3EF26
:102B8000F090086CE0FD7C007F0212959790086C35
:102B9000E0FD75F002A4240DF582E5F03402F58322
:102BA000E0FAA3E0D39FEA9400403575F002EDA46B
:102BB000240DF582E5F03402F583E0FAA3E0C39535
:102BC00017FFEA9400CF24FBCF34FFFE75F002ED2F
:102BD000A4240DF582E5F03402F583EEF0A3EFF0C6
:102BE00090086CE0FD7C00E4FF12959790086CE083
:102BF000FD75F002A42415F582E5F03400F583E0BC
:102C0000FAA3E0C39FEA9400501E7C00E4FF1295F3
:102C10009790086CE075F002A42415F582E5F03475
:102C200000F583E4F0A3EFF090086CE0FD7C007FFA
:102C30000112959790086CE0FD75F002A42411F53F
:102C400082E5F03401F583E0FAA3E0C39FEA940043
:102C5000501E7C007F0112959790086CE075F00281
:102C6000A42411F582E5F03401F583E4F0A3EFF03C
:102C700090086CE0FD7C007F0212959790086CE054
:102C8000FD75F002A4240DF582E5F03402F583E031
:102C9000FAA3E0C39FEA9400501E7C007F021295C5
:102CA0009790086CE075F002A4240DF582E5F034ED
:102CB00002F583E4F0A3EFF090086CE004F0022A40
:102CC000AD22E490086DF090083BE004F0E0C3947E
:102CD000025003023093E490083BF090086E1275A6
:102CE0003B00000001E490086CF090086CE0FFC32A
:102CF000940A4003023058EF700790061574BC80A8
:102D000059EFB4010790061574BC805DEFB402075B
:102D100090061574BE8043EFB4030790061574BE89
:102D20008047EFB4040790061574C0802DEFB405FA
:102D30000A74C0900615F0A3F08033EFB406079034
:102D4000061574C28014EFB4070790061574C2808C
:102D500018EFB4080B90061574C4F0A3E4F0800ECD
:102D6000EFB4090A90061574C4F0A374C0F0E4909F
:102D70000872F090086EE0FCA3E0FDA3E0FEA3E083
:102D8000FF900827E0F8A3E0F9A3E0FAA3E05FFFD3
:102D9000EA5EFEE95DFDE85C4D4E4F7003023036A1
:102DA00090086CE02462F582E43408F583E075F065
:102DB00003A4FF90086DF0900616E02FFF90061513
:102DC000E034008F82F5837402937003022F9D908C
:102DD000086EE0FCA3E0FDA3E0FEA3E0FF90085B2B
:102DE000E0F8A3E0F9A3E0FAA3E05FFFEA5EFEE902
:102DF0005DFDE85CFCE4FBFAF9F8C312750B703D6D
:102E000090086DE0FF900616E02FFD900615E03467
:102E1000008D82F583E493FF740193FD7C00129092
:102E200068900860E0FEA3E0FF90086CE025E024D5
:102E30003CF582E43408F583EEF0A3EFF090086DE2
:102E4000E0FEFD900616E02DFD900615E034008DA5
:102E500082F583740293FFE493FD7C00EEFB7A001D
:102E6000900615E0F8A3E02BFBEA388B82F583741B
:102E70000193FB7A001287B590086CE0FF25E024EF
:102E80003CF582E43408F583E0FCA3E0D39400EC45
:102E900094004013EF25E0243CF582E43408F583E8
:102EA00074FFF5F01274D290086CE0FF25E0243C2A
:102EB000F582E43408F583E0FCA3E04C60030230C3
:102EC0005874622FF582E43408F583E004F090082A
:102ED0005BE0F8A3E0F9A3E0FAA3E0FB90086EE062
:102EE000FCA3E0FDA3E0FEA3E0FF1274FEEB5FFF96
:102EF000EA5EFEE95DFDE85CFC90085B12752F90D0
:102F0000086DE0C394BD500302305890086CE02473
:102F100062F582E43408F583E4F090085BE0F8A3FE
:102F2000E0F9A3E0FAA3E0FB90086EE0FCA3E0FD6B
:102F3000A3E0FEA3E0FF1274FEEB5FFFEA5EFEE992
:102F40005DFDE85CFC90085B12752F90086CE0FF5B
:102F50002450F582E43408F583E014F074502FF522
:102F600082E43408F583E07031900827E0F8A3E0AC
:102F7000F9A3E0FAA3E0FB90086EE0FCA3E0FDA358
:102F8000E0FEA3E0FF1274FEEB5FFFEA5EFEE95D88
:102F9000FDE85CFC90082712752F02302C90086C1D
:102FA000E02462F582E43408F583E4F090085BE005
:102FB000F8A3E0F9A3E0FAA3E0FB90086EE0FCA31D
:102FC000E0FDA3E0FEA3E0FF1274FEEB5FFFEA5E0C
:102FD000FEE95DFDE85CFC90085B12752F90086CC3
:102FE000E0FF2450F582E43408F583E014F07450D7
:102FF0002FF582E43408F583E07031900827E0F87B
:10300000A3E0F9A3E0FAA3E0FB90086EE0FCA3E0E4
:10301000FDA3E0FEA3E0FF1274FEEB5FFFEA5EFE9D
:10302000E95DFDE85CFC90082712752F12B224E4DC
:1030300090085FF0802290086EE0FCA3E0FDA3E022
:10304000FEA3E0FF780112751C90086E12752F9098
:10305000086CE004F0022CEA900827E0FCA3E0FDF5
:10306000A3E0FEA3E0FFEC4D4E4F702790086CF0FC
:1030700090086CE0FFC394105014742B2FF582E479
:103080003408F583E4F090086CE004F080E2E4900A
:10309000085FF022203658E4F52190093CF0A28622
:1030A0009208A2879209E521788D66603118E6259D
:1030B000E025E0543CFFE52154034FF624F560146D
:1030C00024D7601024FC60042431700E90093C74F5
:1030D000E9F0800690093C74EAF0788DA621900909
:1030E0003CE0FFB4EA03052D22EFB4E902052E22ED
:1030F00000000000000000000000000000000000D0
:103100000000000000000000900893EFF03004067B
:10311000900934E51FF07F01900893E0FE643F6062
:10312000030231B0900934E030E16EEEFD7C001214
:103130009597EF24FCFFE43403FE900893E0FD75BF
:10314000F002A4241DF582E5F03404F583EEF0A32B
:10315000EFF07F02129597EF24FCFFE43403FE901A
:103160000893E0FD75F002A42419F582E5F034051A
:1031700012958EEF24FCFFE43403FE900893E07573
:10318000F002A42421F582E5F03403F583EEF0A3E8
:10319000EFF0D248E4FF0236CA2048030236CAC222
:1031A000483031030236A92028030236CA0236B855
:1031B000900893E0FE646A6003023248304070EE8B
:1031C000FD7C007F01129597EF24FCFFE43403FEA1
:1031D000900893E0FD75F002A4241DF582E5F0341B
:1031E00004F583EEF0A3EFF07F02129597EF24FC35
:1031F000FFE43403FE900893E0FD75F002A4241967
:10320000F582E5F0340512958EEF24FCFFE43403DB
:10321000FE900893E075F002A42421F582E5F034D5
:1032200003F583EEF0A3EFF0D249E4FF0236CA3093
:103230004911C2493031030236A92028030236CA97
:103240000236B87F010236CA900893E0FE642B6014
:10325000030233042001030232ED900926E064AA40
:1032600070030232EDEEFD7C007F01129597EFFDB9
:10327000900926E075F004A42DFFEC35F0FE9008CF
:1032800093E0FD75F002A4241DF582E5F03404F509
:1032900083EEF0A3EFF07F02129597EFFD900926E1
:1032A000E075F004A42DFFEC35F0FE900893E0FDEE
:1032B00075F002A42419F582E5F0340512958EEF1D
:1032C000FD900926E075F004A42DFFEC35F0FE908A
:1032D0000893E075F002A42421F582E5F03403F5AB
:1032E00083EEF0A3EFF0D243E4FF0236CA2043039B
:1032F0000236CAC2433031030236A92028030236FF
:10330000CA0236B8900893E0FE642C60030233C012
:103310002002030233A9900926E064AA7003023355
:10332000A9EEFD7C007F01129597EFFD900926E044
:1033300075F004A42DFFEC35F0FE900893E0FD75C8
:10334000F002A4241DF582E5F03404F583EEF0A329
:10335000EFF07F02129597EFFD900926E075F004DB
:10336000A42DFFEC35F0FE900893E0FD75F002A46B
:103370002419F582E5F0340512958EEFFD900926AB
:10338000E075F004A42DFFEC35F0FE900893E07595
:10339000F002A42421F582E5F03403F583EEF0A3D6
:1033A000EFF0D244E4FF0236CA2044030236CAC218
:1033B000443031030236A92028030236CA0236B847
:1033C000900893E0FE642D600302347C2003030226
:1033D0003465900926E064AA7003023465EEFD7C32
:1033E000007F01129597EFFD900926E075F004A487
:1033F0002DFFEC35F0FE900893E0FD75F002A4245B
:103400001DF582E5F03404F583EEF0A3EFF07F02C2
:10341000129597EFFD900926E075F004A42DFFECBE
:1034200035F0FE900893E0FD75F002A42419F582B2
:10343000E5F0340512958EEFFD900926E075F00455
:10344000A42DFFEC35F0FE900893E075F002A42463
:1034500021F582E5F03403F583EEF0A3EFF0D245D9
:10346000E4FF0236CA2045030236CAC245303103A2
:103470000236A92028030236CA0236B8900893E023
:10348000FE6434600302354B20000302352A9009A4
:1034900026E0FD64AA700302352AED64AB700302D6
:1034A000352AEEFD7C007F02129597EFFD900926EC
:1034B000E075F004A42DFFEC35F0FE900893E0FDDC
:1034C00075F002A42419F582E5F03405F583EEF0D9
:1034D000A3EFF07F01129597EFFD900926E075F0BC
:1034E00004A42DFFEC35F0FE900893E0FD75F0028A
:1034F000A4241DF582E5F0340412958EEFFD9009A9
:1035000026E075F004A42DFFEC35F0FE900893E062
:1035100075F002A42421F582E5F03403F583EEF082
:10352000A3EFF0D246E4FF0236CA2046030236CAB1
:10353000C24630310B9008931236CBE4FF0236CAF4
:103540003028030236B87F010236CA900893E0FEA5
:10355000646E6003023603A22C722140030235E838
:10356000EEFD7C007F01129597EFFD90091EE0753E
:10357000F004A42DFFEC35F0FE900893E0FD75F00B
:1035800002A4241DF582E5F0340412958EEFFD901F
:10359000091EE075F004A42DFFEC35F0FE900893B1
:1035A000E0FD75F002A42421F582E5F03403F583F3
:1035B000EEF0A3EFF07F02129597EFFD90091EE069
:1035C00075F004A42DFFEC35F0FE900893E075F043
:1035D00002A42419F582E5F03405F583EEF0A3EF9B
:1035E000F0E4FFD24A0236CA304A13C24A303103ED
:1035F0000236A93028030236B87F010236CA7F019D
:103600000236CA900893E0FE647660030236CA90E0
:10361000092FE064AA70030236A1EEFD7C007F0151
:10362000129597EFFD90092FE075F004A42DFFECA3
:1036300035F0FE900893E0FD75F002A4241DF5829C
:10364000E5F0340412958EEFFD90092FE075F0043B
:10365000A42DFFEC35F0FE900893E0FD75F002A478
:103660002421F582E5F03403F583EEF0A3EFF07F3B
:1036700002129597EFFD90092FE075F004A42DFF3D
:10368000EC35F0FE900893E075F002A42419F58261
:10369000E5F03405F583EEF0A3EFF0E4FFD24780C8
:1036A00029304724C24730310C900893E0FF12576D
:1036B000B4E4FF801530280C900893E0FF127108E5
:1036C000E4FF80067F0180027F0122E0FFE516FD16
:1036D0007C007BFF7A009008A1EFF09008A4EAF04C
:1036E000A3EBF09008A2ECF0A3EDF064014C70683D
:1036F0009008A1E0FD7C00E4FF129597EFFB7A00B3
:10370000AF177E009008A4E0FCA3E0FD1274357CA6
:10371000007D0512749CEF7802C333CE33CED8F906
:103720002BFFEE3AFE9008A1E0FD75F002A42415EF
:10373000F582E5F03400F583EEF0A3EFF07C007F36
:10374000011295979008A1E0FD75F002A42411F5EF
:1037500082E5F034010238749008A2E07004A3E01E
:10376000640260030238009008A1E0FD7C00E4FFE1
:10377000129597EFFB7A00AF177E009008A4E0FC4B
:10378000A3E0FD1274357C007D0512749CEF780275
:10379000C333CE33CED8F92BFFEE3AFE9008A1E02A
:1037A000FD75F002A42415F582E5F03400F583EEF2
:1037B000F0A3EFF07C007F01129597EFFB7A00AF4A
:1037C000177E009008A4E0FCA3E0FD1274357C0095
:1037D0007D0512749CEF7802C333CE33CED8F92B1B
:1037E000FFEE3AFE9008A1E0FD75F002A42411F569
:1037F00082E5F03401F583EEF0A3EFF07C00807BEE
:103800009008A2E07004A3E0640360030238939080
:1038100008A1E0FD7C007F01129597EFFB7A00AFD5
:10382000177E009008A4E0FCA3E0FD1274357C0034
:103830007D0512749CEF7802C333CE33CED8F92BBA
:10384000FFEE3AFE9008A1E0FD75F002A42411F508
:1038500082E5F03401F583EEF0A3EFF07C00E4FFA5
:103860001295979008A1E0FD75F002A42415F58249
:10387000E5F03400F583E4F0A3EFF07F02129597B2
:103880009008A1E075F002A4240DF582E5F0340261
:10389000023C479008A2E07004A3E06404600302C5
:1038A00039269008A1E0FD7C007F02129597EFFB7E
:1038B0007A00AF177E009008A4E0FCA3E0FD12742C
:1038C000357C007D0512749CEF7802C333CE33CE75
:1038D000D8F92BFFEE3AFE9008A1E0FD75F002A4A6
:1038E000240DF582E5F03402F583EEF0A3EFF07CD1
:1038F00000E4FF1295979008A1E0FD75F002A42462
:1039000015F582E5F03400F583E4F0A3EFF07F01D4
:103910001295979008A1E075F002A42411F582E5B4
:10392000F03401023C479008A2E07004A3E0640573
:1039300060030239E49008A1E0FD7C007F0112954C
:1039400097EFFB7A00AF177E009008A4E0FCA3E09D
:10395000FD1274357C007D0512749CEF7802C33330
:10396000CE33CED8F92BFFEE3AFE9008A1E0FD75DC
:10397000F002A42411F582E5F03401F583EEF0A302
:10398000EFF07C007F02129597EFFB7A00AF177E75
:10399000009008A4E0FCA3E0FD1274357C007D05D6
:1039A00012749CEF7802C333CE33CED8F92BFFEEDE
:1039B0003AFE9008A1E0FD75F002A4240DF582E521
:1039C000F03402F583EEF0A3EFF07C00E4FF1295F3
:1039D000979008A1E075F002A42415F582E5F03473
:1039E00000023C479008A2E07004A3E06406600374
:1039F000023AA29008A1E0FD7C007F02129597EFA9
:103A0000FB7A00AF177E009008A4E0FCA3E0FD1253
:103A100074357C007D0512749CEF7802C333CE337D
:103A2000CED8F92BFFEE3AFE9008A1E0FD75F0022A
:103A3000A4240DF582E5F03402F583EEF0A3EFF057
:103A40007C00E4FF129597EFFB7A00AF177E0090A1
:103A500008A4E0FCA3E0FD1274357C007D0512741F
:103A60009CEF7802C333CE33CED8F92BFFEE3AFE6B
:103A70009008A1E0FD75F002A42415F582E5F0346C
:103A800000F583EEF0A3EFF07C007F011295979094
:103A900008A1E075F002A42411F582E5F0340102DA
:103AA0003C479008A2E07004A3E064076003023B77
:103AB0008C9008A1E0FD7C007F02129597EFFB7AC5
:103AC00000AF177E009008A4E0FCA3E0FD1274355F
:103AD0007C007D0512749CEF7802C333CE33CED8C0
:103AE000F92BFFEE3AFE9008A1E0FD75F002A42448
:103AF0000DF582E5F03402F583EEF0A3EFF07C00E3
:103B0000E4FF129597EFFB7A00AF177E009008A4B0
:103B1000E0FCA3E0FD1274357C007D0512749CEF7F
:103B20007802C333CE33CED8F92BFFEE3AFE90089D
:103B3000A1E0FD75F002A42415F582E5F03400F54E
:103B400083EEF0A3EFF07C007F01129597EFFB7AF4
:103B500000AF177E009008A4E0FCA3E0FD127435CE
:103B60007C007D0512749CEF7802C333CE33CED82F
:103B7000F92BFFEE3AFE9008A1E075F002A42411A3
:103B8000F582E5F03401F583EE023C4A9008A2E0AC
:103B90007004A3E064086003023C4E9008A1E0FDBD
:103BA0007C007F02129597EFFB7A00AF177E0090A2
:103BB00008A4E0FCA3E0FD1274357C007D051274BE
:103BC0009CEF7802C333CE33CED8F92BFFEE3AFE0A
:103BD0009008A1E0FD75F002A4240DF582E5F03413
:103BE00002F583EEF0A3EFF07C00E4FF129597EF6F
:103BF000FB7A00AF177E009008A4E0FCA3E0FD1262
:103C000074357C007D0512749CEF7802C333CE338B
:103C1000CED8F92BFFEE3AFE9008A1E0FD75F00238
:103C2000A42415F582E5F03400F583EEF0A3EFF05F
:103C30007C007F011295979008A1E075F002A42402
:103C400011F582E5F03401F583E4F0A3EFF0229062
:103C50000894EFF0120BE4EF70030241AFE5166039
:103C600003023CF8900894E0FD7C00E4FF12959775
:103C7000EFFB7A00E51A8517F0A4FFAEF07C007D1B
:103C800005127447EF75F004A42BFFEA35F0FE909F
:103C90000894E0FD75F002A42415F582E5F03400E7
:103CA000F583EEF0A3EFF07C007F01129597EFFB18
:103CB0007A00E5198517F0A4FFAEF07C007D0512AF
:103CC0007447EF75F004A42BFFEA35F0FE900894DA
:103CD000E0FD75F002A42411F582E5F03401F583CE
:103CE000EEF0A3EFF07C007F02129597EFFB7A00D5
:103CF000E5188517F0023FD5E51664086003024118
:103D00009E202403023E14AF0812B20E74732FF8E3
:103D1000E6FEC006AF0812B1CCD0E05F70030241EE
:103D2000AF900922E004F07006900921E004F0D37E
:103D3000900922E09405900921E094004004E4F009
:103D4000A3F0900894E0FD7C00E4FF1295979008A2
:103D500094E0FD75F002A42415F582E5F03400F539
:103D600083E4F0A3EFF07C007F0112959790089414
:103D7000E0FD75F002A42411F582E5F03401F5832D
:103D8000E4F0A3EFF07C007F02129597900894E096
:103D9000FD75F002A4240DF582E5F03402F583E40C
:103DA000F0A3EFF0900921E07002A3E07003023F5E
:103DB0009C900921E07004A3E064017003023FAC11
:103DC000900921E07004A3E064027018900894E068
:103DD000FD7C007F02129597EFFB7A00E51775F0E6
:103DE000FF023FD5900921E07004A3E06403700353
:103DF00002400A900921E07004A3E0640470030209
:103E00004092900921E07004A3E064056003024140
:103E1000AF02411D203103023EF5900894E0FD7C85
:103E200000E4FF129597900894E0FD75F002A42439
:103E300015F582E5F03400F583E4F0A3EFF07C00A3
:103E40007F01129597900894E0FD75F002A424116B
:103E5000F582E5F03401F583E4F0A3EFF07C007F18
:103E600002129597900894E0FD75F002A4240DF5D8
:103E700082E5F03402F583E4F0A3EFF0ED75F00590
:103E800084AFF07E00900896EEF0A3EFF07003028E
:103E90003F9C900896E07004A3E064017003023F29
:103EA000AC900896E07004A3E06402701890089447
:103EB000E0FD7C007F02129597EFFB7A00E5177515
:103EC000F0FF023FD5900896E07004A3E064037011
:103ED0000302400A900896E07004A3E064047003B3
:103EE000024092900896E07004A3E064056003022B
:103EF00041AF02411DAFCC900896E4F0A3EFF0E093
:103F0000FFADCDED900896CFF0A3EFF0900894E0D0
:103F1000FBFF900897E02FF0900896E03400F0E067
:103F2000FEA3E0FF7C007D05127447900896ECF03C
:103F3000A3EDF0EBFD7C00E4FF129597900894E070
:103F4000FD75F002A42415F582E5F03400F583E454
:103F5000F0A3EFF07C007F01129597900894E0FDAC
:103F600075F002A42411F582E5F03401F583E4F044
:103F7000A3EFF07C007F02129597900894E0FD7506
:103F8000F002A4240DF582E5F03402F583E4F0A3F9
:103F9000EFF0900896E07002A3E07004FC02416329
:103FA000900896E07004A3E064017008900894E023
:103FB000FD02404D900896E07004A3E06402703E5C
:103FC000900894E0FD7C007F02129597EFFB7A0049
:103FD000E51775F0FFA4FFAEF07C007D0512744775
:103FE000EF75F004A42BFFEA35F0FE900894E0751D
:103FF000F002A4240DF582E5F03402024196900807
:1040000096E07004A3E06403707C900894E0FD7C6B
:1040100000E4FF129597EFFB7A00E51775F0FFA417
:10402000FFAEF07C007D05127447EF75F004A42B01
:10403000FFEA35F0FE900894E0FD75F002A4241527
:10404000F582E5F03400F583EEF0A3EFF07C007F1D
:1040500001129597EFFB7A00E51775F0FFA4FFAE0C
:10406000F07C007D05127447EF75F004A42BFFEA85
:1040700035F0FE900894E075F002A42411F582E575
:10408000F03401024196900896E07004A3E06404C5
:10409000707C900894E0FD7C007F02129597EFFB06
:1040A0007A00E51775F0FFA4FFAEF07C007D0512E5
:1040B0007447EF75F004A42BFFEA35F0FE900894E6
:1040C000E0FD75F002A4240DF582E5F03402F583DD
:1040D000EEF0A3EFF07C007F01129597EFFB7A00E2
:1040E000E51775F0FFA4FFAEF07C007D0512744764
:1040F000EF75F004A42BFFEA35F0FE900894E0750C
:10410000F002A42411F582E5F034010241969008F2
:1041100096E07004A3E0640560030241AF90089448
:10412000E0FD7C007F02129597EFFB7A00E51775A2
:10413000F0FFA4FFAEF07C007D05127447EF75F030
:1041400004A42BFFEA35F0FE900894E0FD75F00220
:10415000A4240DF582E5F03402F583EEF0A3EFF030
:104160007C00E4FF129597EFFB7A00E51775F0FFEE
:10417000A4FFAEF07C007D05127447EF75F004A437
:104180002BFFEA35F0FE900894E075F002A42415A8
:10419000F582E5F03400F583EEF0A3EFF02290080D
:1041A00094E0FFE516FD7C007BFF7A001236D622F4
:1041B000900892EFF0E51E6401600302427CE51D69
:1041C000640170609008A6E0FCA3E0FD4C701A75D5
:1041D000B50175B90190061704F0A374F8F07F6378
:1041E00012A9DDA374C60243A7D3ED9403EC940097
:1041F00050030246FC900619E0FEA3E0FF900892EF
:10420000E0FD12A74290061AE004F070069006192D
:10421000E004F0900618E024FFF0900617E034FF69
:10422000F00246FCC39008A7E094029008A6E09430
:104230000050030246FC900617E07002A3E07003F2
:104240000246FC900619E0FEA3E0FF900892E0FD14
:1042500012A74290061AE004F07006900619E004D6
:10426000F0900618E024FFF0900617E034FFF0E02D
:104270007002A3E060030246FC024534E51E6402BE
:1042800060030243689008A6E07002A3E0700E7518
:10429000B50175B901C25C12A0840246FC9008A663
:1042A000E07004A3E064047010900892E0FF12B282
:1042B0006890092DEFF00246FC9008A6E0FEA3E00E
:1042C000FF64064E700E900892E0FDC374059DF5E4
:1042D000150246FCEF64074E7009900892E0F5174E
:1042E0000246FC9008A6E0FEA3E0FF64084E700BB7
:1042F000F516900892E0F51A0246FCEF64094E703C
:1043000009900892E0F5190246FC9008A6E0FEA389
:10431000E0FF640A4E7009900892E0F5180246FC2E
:10432000EF640B4E7013900892E0B4010675160806
:104330000246FCE4F5160246FC9008A6E0FEA3E067
:10434000FF640C4E700B900892E090093FF002461B
:10435000FCEF643C4E60030246FCD25975B5027511
:10436000B902128CBB0246FCE51E640460030243E2
:10437000FFE51D640170569008A6E0FCA3E0FD4C2B
:10438000702C75B50175B9019006177407F0A37408
:1043900080F012A9CF0F12A9DDE490031FF0900363
:1043A0001EF090061974BCF0A3E4F00246FCD3EDB5
:1043B0009403EC940050030246FC900617E0700250
:1043C000A3E070030246FC128F820246FCC39008F1
:1043D000A7E094029008A6E0940050030246FC90E7
:1043E0000617E07002A3E070030246FC128F829071
:1043F0000617E07002A3E060030246FC024534E5C4
:104400001E6403600302453DE51D64016003024430
:10441000B69008A6E0FEA3E0FF4E700875B50175E2
:10442000B9018027EF64044E7021900892E0900952
:1044300045F090092D7413F012A084E490031EF04F
:10444000A3F090061704F0A3747AF0D39008A7E0C5
:1044500094049008A6E0940050030246FC900617CE
:10446000E07002A3E070030246FC900618E024FF0F
:10447000F0900617E034FFF0900892E0FF7E00C055
:1044800007C00690031FE075F0FCA42421F582E527
:10449000F03403F583C083C08290031EE0FF12B1A5
:1044A000DAD082D08375F002EF12756CD0E0F0A301
:1044B000D0E0F002463DC39008A7E094029008A621
:1044C000E0940050030246FC900617E07002A3E05F
:1044D00070030246FC900618E024FFF0900617E0F7
:1044E00034FFF0900892E0FF7E00C007C006900302
:1044F0001FE075F0FCA42421F582E5F03403F58378
:10450000C083C08290031EE0FF12B1DAD082D08354
:1045100075F002EF12756CD0E0F0A3D0E0F012005D
:104520001E900617E07002A3E060030246FC12939F
:1045300096128CBB75B50275B9020246FCE51E6485
:104540000660030246FCE51D6401600302464390D9
:1045500008A6E0FEA3E0FF4E704590061704F0A306
:10456000747AF0E490031FF090031EF0C231C22869
:10457000C21BC230C211C210C233C225C213C21C38
:10458000C223C224C226C222C22BC21FC21EC21D07
:10459000C22AC218C217C214C212D25A0246FCD38F
:1045A000EF9403EE940050030246FC900617E0706F
:1045B00002A3E070030246FC900618E024FFF0908E
:1045C0000617E034FFF090031EE0FF7E0012B1DA20
:1045D000123108EF605E90031EE0FF7E0012B1DA38
:1045E000EFFD7C0090031FE0FF129597EFFD7C002C
:1045F000900892E075F004A42DFFEC35F0FEC007A2
:10460000C00690031FE075F0FCA42421F582E5F0BC
:104610003403F583C083C08290031EE0FF7E001246
:10462000B1DAD082D08375F002EF12756CD0E0F071
:10463000A3D0E0F0900892E06003E4F5B112001E10
:104640000246FCE51DD3940150030246FC9008A7E6
:10465000E094029008A6E0940050030246FC900605
:1046600017E07002A3E070030246FC900618E024F5
:10467000FFF0900617E034FFF090031EE0FF7E008D
:1046800012B1DA123108EF605E90031EE0FF7E0087
:1046900012B1DAEFFD7C0090031FE0FF129597EF57
:1046A000FD7C00900892E075F004A42DFFEC35F03D
:1046B000FEC007C00690031FE075F0FCA42421F59E
:1046C00082E5F03403F583C083C08290031EE0FFCF
:1046D0007E0012B1DAD082D08375F002EF12756CD1
:1046E000D0E0F0A3D0E0F012001E900617E07002B8
:1046F000A3E07008D25C90032074FAF09008A7E061
:1047000004F070069008A6E004F022202503024879
:104710002A900943E004F0E0C395155003024C2EA3
:10472000E4900943F090061EE0FF12A30990061ED4
:10473000EFF012A30990061EEFF012A30990061ED7
:10474000EFF0E490086CF090086CE0FFC3947E40BA
:1047500003024C2E120BE4EF700302482190086C08
:10476000E0FD7C00E4FF129597EFFB7A0090061DB8
:10477000E08517F0A4FFAEF07C007D05127447EFD2
:1047800075F004A42BFFEA35F0FE90086CE0FD758F
:10479000F002A42415F582E5F03400F583EEF0A3D1
:1047A000EFF07C007F01129597EFFB7A0090061CDA
:1047B000E08517F0A4FFAEF07C007D05127447EF92
:1047C00075F004A42BFFEA35F0FE90086CE0FD754F
:1047D000F002A42411F582E5F03401F583EEF0A394
:1047E000EFF07C007F02129597EFFB7A009007981C
:1047F000E08517F0A4FFAEF07C007D05127447EF52
:1048000075F004A42BFFEA35F0FE90086CE075F01B
:1048100002A4240DF582E5F03402F583EEF0A3EF57
:10482000F090086CE004F0024747A2107233721156
:104830007213721272144003024C2E900943E0046A
:10484000F0E0C395155003024C2EE4900943F0E5C7
:104850001664086003024A8990086CF090086CE0C6
:10486000FFC3947E4003024C2E120BE4EF70030250
:10487000496090086CE0FD7C00E4FF129597EFFB27
:104880007A0090086CE0241EF582E43406F583E09B
:1048900090683A938517F0A4FFAEF07C007D051276
:1048A0007447EF75F004A42BFFEA35F0FE90086C16
:1048B000E0FD75F002A42415F582E5F03400F583DF
:1048C000EEF0A3EFF07C007F01129597EFFB7A00EA
:1048D00090086CE0249CF582E43406F583E090684F
:1048E0003A938517F0A4FFAEF07C007D0512744763
:1048F000EF75F004A42BFFEA35F0FE90086CE0FDA4
:1049000075F002A42411F582E5F03401F583EEF090
:10491000A3EFF07C007F02129597EFFB7A009008DE
:104920006CE0241AF582E43407F583E090683A934A
:104930008517F0A4FFAEF07C007D05127447EF757B
:10494000F004A42BFFEA35F0FE90086CE075F0024D
:10495000A4240DF582E5F03402F583EEF0A3EFF028
:1049600090086CE0FF241EF582E43406F583E00431
:10497000F0741E2FF582E43406F583E0D394EF4003
:104980000F90086CE0241EF582E43406F583E4F011
:1049900090086CE0FF249CF582E43406F583E00483
:1049A000F0749C2FF582E43406F583E0D394EF4055
:1049B0000F90086CE0249CF582E43406F583E4F063
:1049C00090086CE0FF241AF582E43407F583E004D4
:1049D000F0741A2FF582E43407F583E0D394EF40A6
:1049E0000F90086CE0241AF582E43407F583E4F0B4
:1049F00090086CE0FF241EF582E43406F583E004A1
:104A0000F0741E2FF582E43406F583E0D394EF4072
:104A10000F90086CE0241EF582E43406F583E4F080
:104A200090086CE0FF249CF582E43406F583E004F2
:104A3000F0749C2FF582E43406F583E0D394EF40C4
:104A40000F90086CE0249CF582E43406F583E4F0D2
:104A500090086CE0FF241AF582E43407F583E00443
:104A6000F0741A2FF582E43407F583E0D394EF4015
:104A70000F90086CE0241AF582E43407F583E4F023
:104A800090086CE004F002485CE490086CF0900838
:104A90006CE0FFC3947E4003024C2E120BE4EF70D7
:104AA00003024BC590086CE0FD7C00E4FF12959773
:104AB000EFFB7A0090086CE0241EF582E43406F5E2
:104AC00083E090683A93FFE51A8FF0A4FFAEF07C84
:104AD000007DFF127447EF8517F0A4FFAEF07C0055
:104AE0007D05127447EF75F004A42BFFEA35F0FE44
:104AF00090086CE0FD75F002A42415F582E5F03411
:104B000000F583EEF0A3EFF07C007F01129597EFA4
:104B1000FB7A0090086CE0241EF582E43406F583ED
:104B2000E090683A93FFE5198FF0A4FFAEF07C00A7
:104B30007DFF127447EF8517F0A4FFAEF07C007D77
:104B400005127447EF75F004A42BFFEA35F0FE90D0
:104B5000086CE0FD75F002A42411F582E5F0340143
:104B6000F583EEF0A3EFF07C007F02129597EFFB48
:104B70007A0090086CE0241EF582E43406F583E0A8
:104B800090683A93FFE5188FF0A4FFAEF07C007DAB
:104B9000FF127447EF8517F0A4FFAEF07C007D058F
:104BA000127447EF75F004A42BFFEA35F0FE90086D
:104BB0006CE075F002A4240DF582E5F03402F58373
:104BC000EEF0A3EFF090086CE0FF241EF582E434D1
:104BD00006F583E004F0741E2FF582E43406F583B5
:104BE000E0D394EF400F90086CE0241EF582E4348B
:104BF00006F583E4F090086CE0FF241EF582E434AF
:104C000006F583E004F0741E2FF582E43406F58384
:104C1000E0D394EF400F90086CE0241EF582E4345A
:104C200006F583E4F090086CE004F0024A8E2290CE
:104C30000893EFF012A084D22890092D7413F090FD
:104C40000945E0FFB4010790061574CA8014EFB45B
:104C5000020790061574CC8009EFB403099006157D
:104C600074CEF0A3E4F0E4900894F0900894E0FF90
:104C7000C3947E4003024E25900615E0FCA3E0F5A8
:104C8000828C83E493604CEFFD7C00E4FF129597E7
:104C9000EFFB7A00900615E0FEA3E0F5828E83E438
:104CA000938517F0A4FFAEF07C007D05127447EFEA
:104CB00075F004A42BFFEA35F0FE900894E075F03F
:104CC00002A42415F582E5F03400F583EEF0A3EF9D
:104CD000F08023900894E0FD7C00E4FF129597900B
:104CE0000894E075F002A42415F582E5F03400F58F
:104CF00083E4F0A3EFF0900616E004F0700690064F
:104D000015E004F0900615E0FEA3E0F5828E83E442
:104D100093900894604CE0FD7C007F01129597EF22
:104D2000FB7A00900615E0FEA3E0F5828E83E49303
:104D30008517F0A4FFAEF07C007D05127447EF7577
:104D4000F004A42BFFEA35F0FE900894E075F00221
:104D5000A42411F582E5F03401F583EEF0A3EFF021
:104D60008020E0FD7C007F01129597900894E0750B
:104D7000F002A42411F582E5F03401F583E4F0A3F8
:104D8000EFF0900616E004F07006900615E004F0CF
:104D9000900615E0FEA3E0F5828E83E493900894DC
:104DA000604CE0FD7C007F02129597EFFB7A00904B
:104DB0000615E0FEA3E0F5828E83E4938517F0A448
:104DC000FFAEF07C007D05127447EF75F004A42B54
:104DD000FFEA35F0FE900894E075F002A4240DF58A
:104DE00082E5F03402F583EEF0A3EFF08020E0FDE1
:104DF0007C007F02129597900894E075F002A4243D
:104E00000DF582E5F03402F583E4F0A3EFF09006AF
:104E100016E004F07006900615E004F0900894E0A7
:104E200004F0024C6B900615E0FEA3E0F5828E8341
:104E3000E493FF64AA7003024FA4900945E0640163
:104E40006003024EDC900894E0FD7C00E4FF1295C4
:104E500097EFFB7A00E51775F0FFA4FFAEF07C003A
:104E60007D05127447EF75F004A42BFFEA35F0FEC0
:104E7000900097F0A3EFF0900095EEF0A3EFF09084
:104E8000006DEEF0A3EFF0900099EEF0A3EFF0903C
:104E90000894E0FD7C00E4FF129597EFFB7A00E5B3
:104EA0001775F0FFA4FFAEF07C007D05127447EF8C
:104EB00075F004A42BFFEA35F0FE9000DBF0A3EFC1
:104EC000F0900105EEF0A3EFF0900103EEF0A3EFF8
:104ED000F0900107EEF0A3EFF0024FA1900945E03A
:104EE0006402705C900894F0900894E0FFC3941CF6
:104EF0004003024FA1EFFD7C00E4FF129597EFFB0A
:104F00007A00E51775F0FFA4FFAEF07C007D051276
:104F10007447EF75F004A42BFFEA35F0FE90089477
:104F2000E0909B029375F002A42411F582E5F03421
:104F300001F583EEF0A3EFF0900894E004F080A870
:104F4000900945E064037059900894F0900894E04B
:104F5000FFC39415504BEFFD7C00E4FF129597EFD3
:104F6000FB7A00E51775F0FFA4FFAEF07C007D052D
:104F7000127447EF75F004A42BFFEA35F0FE900899
:104F800094E0909B1E9375F002A4240DF582E5F049
:104F90003402F583EEF0A3EFF0900894E004F08083
:104FA000AB1278977F2B120BE47F2C120BE47F2D32
:104FB000120BE47F34120BE47F6E120BE47F761247
:104FC0000BE47F3F120BE47F6A020BE475C0FF43E2
:104FD000888743B005E512B40E005067904FE3F8A0
:104FE00028287302500D0250110250150250190268
:104FF000501D02502102502502502902502D02500E
:105000003102503502503902503D025041C2C08039
:1050100032C2C1802EC2C2802AC2C38026C2C480CE
:1050200022C2C5801EC2C6801AC2C78016C288802E
:1050300012C289800EC28A800AC28F8006C2B080E6
:1050400002C2B2E58825E05430FFE5F8540F4F4422
:10505000C1FF90FF80E054DFF0E58825E05430FE8A
:10506000E5F8540F4E44C1FE6F705B74002512F5D5
:1050700082E43400F583E06F602474092512F58220
:10508000E43403F5837403F074002512F582E434EC
:1050900000F583EFF0744E2512F8E4F680287409C9
:1050A0002512F582E43403F583E0601074092512BB
:1050B000F582E43403F583E014F0800AEFF4FF7422
:1050C0004E2512F8A6070512E512D3940E4008E407
:1050D000F512D23F12105DA23572157236500302DE
:1050E00096C8305C03025D9B125ACA220000000081
:1050F00000000000000000000000000000000000B0
:105100000000000000000000900911E0FFC39400BF
:10511000400DEFD394145007E4900874F08062EFD0
:10512000C39415400EEFD39429500890087474016D
:10513000F0804EEFC3942A400EEFD3943E50089077
:1051400008747402F0803AEFC3943F400EEFD3949A
:105150005350089008747403F08026EFC3945440B1
:105160000EEFD3946850089008747404F08012EF26
:10517000C39469400CEFD3947D5006900874740575
:10518000F0900912E064017024900911E090087217
:10519000F0A3F0FF7E00A3E0FD7C00128583900861
:1051A00073E0FF7E00A3E0FD7C001285839009126E
:1051B000E0FF900911E0FEC39FFD900872F0EE2F12
:1051C000A3F0EDFF7E00A3E0FD7C00128583900834
:1051D00073E0FF7E00A3E0FD7C00128583A22372B2
:1051E00022721E721C721D400302547F900912E04D
:1051F000FF9401407A900911E09F24EDFF9008721E
:10520000F07E00900874E024FFFDE434FFFC12857A
:1052100083900912E0FF900911E02F24E9FF900824
:1052200073F07E00A3E024FFFDE434FFFC128583CD
:10523000900912E0FF900911E0C39F2417FF900826
:1052400072F07E00900874E02401FDE433FC1285C6
:1052500083900912E0FF900911E02F2413FF9008BA
:1052600073F07E00A3E02401FDE433FC12858390FB
:105270000912E0FFD39402407A900911E09F24D9EB
:10528000FF900872F07E00900874E024FEFDE43484
:10529000FFFC128583900912E0FF900911E02F2492
:1052A000D3FF900873F07E00A3E024FEFDE434FFFA
:1052B000FC128583900912E0FF900911E0C39F243E
:1052C0002DFF900872F07E00900874E02402FDE447
:1052D00033FC128583900912E0FF900911E02F241E
:1052E00027FF900873F07E00A3E02402FDE433FC66
:1052F000128583900912E0FFD39403407A9009113C
:10530000E09F24C5FF900872F07E00900874E024AE
:10531000FDFDE434FFFC128583900912E0FF900943
:1053200011E02F24BDFF900873F07E00A3E024FD60
:10533000FDE434FFFC128583900912E0FF9009110F
:10534000E0C39F2443FF900872F07E00900874E051
:105350002403FDE433FC128583900912E0FF9009D9
:1053600011E02F243BFF900873F07E00A3E024039C
:10537000FDE433FC128583900912E0FFD3940440CE
:105380007A900911E09F24B1FF900872F07E00909E
:105390000874E024FCFDE434FFFC128583900912BC
:1053A000E0FF900911E02F24A7FF900873F07E0022
:1053B000A3E024FCFDE434FFFC128583900912E095
:1053C000FF900911E0C39F2459FF900872F07E00FE
:1053D000900874E02404FDE433FC128583900912E4
:1053E000E0FF900911E02F244FFF900873F07E003A
:1053F000A3E02404FDE433FC128583900912E0FF4E
:10540000D39405407A900911E09F249DFF90087283
:10541000F07E00900874E024FBFDE434FFFC12856C
:1054200083900912E0FF900911E02F2491FF90086A
:1054300073F07E00A3E024FBFDE434FFFC128583BF
:10544000900912E0FF900911E0C39F246FFF9008BC
:1054500072F07E00900874E02405FDE433FC1285B0
:1054600083900912E0FF900911E02F2463FF900858
:1054700073F07E00A3E02405FDE433FC1285832253
:105480009008ABE0FD6401703F9008C87466F0A31B
:10549000745BF09008C1E4F0A37412F09008AFE0E0
:1054A000FE9008AEE0FBEBFF9008BFEEF0A3EFF03C
:1054B000C39412EE940050059008BF80039008C179
:1054C000E0FEA3E0FF02579BED6402703F9008C826
:1054D0007466F0A3746DF09008C1E4F0A3743BF01F
:1054E0009008AFE0FE9008AEE0FDEDFF9008BFEE43
:1054F000F0A3EFF0C3943BEE940050059008BF80FA
:10550000039008C1E0FEA3E0FF02579B9008ABE0C8
:10551000FD640360030256779008AAE0FC703F9098
:1055200008C87465F0A37497F09008C1E4F0A37400
:1055300004F09008AFE0FE9008AEE0FBEBFF9008AF
:10554000BFEEF0A3EFF0C39404EE94005005900872
:10555000BF80039008C1E0FEA3E0FF02579BEC640C
:1055600001703F9008C87465F0A37464F09008C19E
:10557000E4F0A37418F09008AFE0FE9008AEE0FBF2
:10558000EBFF9008BFEEF0A3EFF0C39418EE940089
:1055900050059008BF80039008C1E0FEA3E0FF0221
:1055A000579B9008AAE0FC6402703F9008C874659D
:1055B000F0A3743EF09008C1E4F0A37426F09008C4
:1055C000AFE0FE9008AEE0FBEBFF9008BFEEF0A36B
:1055D000EFF0C39426EE940050059008BF8003902E
:1055E00008C1E0FEA3E0FF02579BEC6403703F900C
:1055F00008C87465F0A3747CF09008C1E4F0A3744B
:105600000AF09008AFE0FE9008AEE0FBEBFF9008D8
:10561000BFEEF0A3EFF0C3940AEE9400500590089B
:10562000BF80039008C1E0FEA3E0FF02579B9008F3
:10563000AAE0F4703F9008C87465F0A37486F090F7
:1056400008C1E4F0A37411F09008AFE0FE9008AE3A
:10565000E0FBEBFF9008BFEEF0A3EFF0C39411EE78
:10566000940050059008BF80039008C1E0FEA3E0BD
:10567000FF02579B0257A7ED6422600302570C906C
:1056800008ACE0FD703F9008C87465F0A3749BF00F
:105690009008C1E4F0A37443F09008AFE0FE9008D6
:1056A000AEE0FBEBFF9008BFEEF0A3EFF0C3944336
:1056B000EE940050059008BF80039008C1E0FEA35F
:1056C000E0FF02579BED6401703F9008C87465F0DD
:1056D000A374DEF09008C1E4F0A3747DF09008AFED
:1056E000E0FE9008AEE0FDEDFF9008BFEEF0A3EF06
:1056F000F0C3947DEE940050059008BF800390089D
:10570000C1E0FEA3E0FF02579B0257A79008ABE061
:10571000642160030257A7A3E0FD703E9008C8749F
:1057200066F0A374A8F09008C1E4F0A37409F090A7
:1057300008AFE0FE9008AEE0FBEBFF9008BFEEF094
:10574000A3EFF0C39409EE940050059008BF8003C6
:105750009008C1E0FEA3E0FF8041ED640170469037
:1057600008C87466F0A374B1F09008C1E4F0A374A3
:1057700009F09008AFE0FE9008AEE0FDEDFF900864
:10578000BFEEF0A3EFF0C39409EE9400500590082B
:10579000BF80039008C1E0FEA3E0FF9008C1EEF0D7
:1057A000A3EFF08005800002B25A12A1095393FEC4
:1057B0004397042290089BEFF0E5166003025849D6
:1057C000E0FD7C00E4FF129597EFFB7A00E51A8577
:1057D00017F0A4FFAEF07D05127447EF75F004A436
:1057E0002BFFEA35F0FE90089BE0FD75F002A42443
:1057F00015F582E5F03400F583EEF0A3EFF07C00C0
:105800007F01129597EFFBE5198517F0A4FFAEF025
:105810007D05127447EF75F004A42BFFEA35F0FE06
:1058200090089BE0FD75F002A42411F582E5F034A8
:1058300001F583EEF0A3EFF07C007F02129597EF65
:10584000FBE5188517F002590EE51664086003029F
:105850005AC390089BE0FD7C00E4FF1295979008E6
:105860009BE0FD75F002A42415F582E5F03400F507
:1058700083E4F0A3EFF07F0112959790089BE0FD81
:1058800075F002A42411F582E5F03401F583E4F00B
:10589000A3EFF07F0212959790089BE0FD75F00250
:1058A000A4240DF582E5F03402F583E4F0A3EFF0D3
:1058B000ED75F00584AFF07E0090089DEEF0A3EF4B
:1058C000F0700BFF129597EFFB7A00025A92900846
:1058D0009DE07004A3E06401701390089BE0FD7CE0
:1058E000007F01129597EFFB7A0002598B90089D7B
:1058F000E07004A3E06402703C90089BE0FD7C0033
:105900007F02129597EFFB7A00E51775F0FFA4FF71
:10591000AEF07D05127447EF75F004A42BFFEA3555
:10592000F0FE90089BE075F002A4240DF582E5F0EE
:105930003402025ABB90089DE07004A3E064037037
:105940007690089BE0FD7C00E4FF129597EFFB7AD0
:1059500000E51775F0FFA4FFAEF07D05127447EF68
:1059600075F004A42BFFEA35F0FE90089BE0FD756E
:10597000F002A42415F582E5F03400F583EEF0A3DF
:10598000EFF07C007F01129597EFFBE51775F0FFB4
:10599000A4FFAEF07D05127447EF75F004A42BFF51
:1059A000EA35F0FE90089BE075F002A42411F58220
:1059B000E5F03401025ABB90089DE07004A3E06456
:1059C00004707690089BE0FD7C007F02129597EFB3
:1059D000FB7A00E51775F0FFA4FFAEF07D051274A9
:1059E00047EF75F004A42BFFEA35F0FE90089BE02A
:1059F000FD75F002A4240DF582E5F03402F583EE86
:105A0000F0A3EFF07C007F01129597EFFBE517758F
:105A1000F0FFA4FFAEF07D05127447EF75F004A40B
:105A20002BFFEA35F0FE90089BE075F002A42411EC
:105A3000F582E5F03401025ABB90089DE07004A3A2
:105A4000E064056003025AC990089BE0FD7C007F7A
:105A500002129597EFFB7A00E51775F0FFA4FFAEF1
:105A6000F07D05127447EF75F004A42BFFEA35F0C2
:105A7000FE90089BE0FD75F002A4240DF582E5F090
:105A80003402F583EEF0A3EFF07C00E4FF1295976B
:105A9000EFFBE51775F0FFA4FFAEF07D051274472C
:105AA000EF75F004A42BFFEA35F0FE90089BE0753B
:105AB000F002A42415F582E5F03400F583EEF0A39E
:105AC000EFF02290089B1236CB22E512FD7C0025D8
:105AD000E0FBEC33FA74112BF58274013AF583E0A4
:105AE00090FFF4F074112BF58274013AF583A3E072
:105AF00090FFDCF0ED25E0FDEC33FC74152DF58214
:105B000074003CF583E090FFF5F074152DF5827478
:105B1000003CF583A3E090FFDDF0E512FD7C00255D
:105B2000E0FBEC33FA740D2BF58274023AF583E056
:105B300090FFF6F0740D2BF58274023AF583A3E022
:105B400090FFDEF0ED25E0FDEC33FC743B2DF5829B
:105B500074013CF583E090FFF7F0743B2DF58274FF
:105B6000013CF583A3E090FFDFF0E512FD7C00250A
:105B7000E0FBEC33FA743F2BF58274003AF583E0D6
:105B800090FFF8F0743F2BF58274003AF583A3E0A0
:105B900090FFE0F0ED25E0FDEC33FC74372DF5824D
:105BA00074023CF583E090FFF9F074372DF58274B0
:105BB000023CF583A3E090FFE1F0E512FD7C0025B7
:105BC000E0FBEC33FA74652BF58274013AF583E05F
:105BD00090FFEEF074652BF58274013AF583A3E033
:105BE00090FFD6F0ED25E0FDEC33FC74692DF582D5
:105BF00074003CF583E090FFEFF074692DF582743A
:105C0000003CF583A3E090FFD7F0E512FD7C002572
:105C1000E0FBEC33FA74612BF58274023AF583E011
:105C200090FFF0F074612BF58274023AF583A3E0E3
:105C300090FFD8F0ED25E0FDEC33FC748F2DF5825C
:105C400074013CF583E090FFF1F0748F2DF58274C0
:105C5000013CF583A3E090FFD9F0E512FD7C00251F
:105C6000E0FBEC33FA74932BF58274003AF583E091
:105C700090FFF2F074932BF58274003AF583A3E061
:105C800090FFDAF0ED25E0FDEC33FC748B2DF5820E
:105C900074023CF583E090FFF3F0748B2DF5827471
:105CA000023CF583A3E090FFDBF0E512FD7C0025CC
:105CB000E0FBEC33FA74B92BF58274013AF583E01A
:105CC00090FFEBF074B92BF58274013AF583A3E0F1
:105CD00090FFD3F0ED25E0FDEC33FC74BD2DF58293
:105CE00074003CF583E090FFECF074BD2DF58274F8
:105CF000003CF583A3E090FFD4F0E512FD7C002585
:105D0000E0FBEC33FA74B52BF58274023AF583E0CC
:105D100090FFEDF074B52BF58274023AF583A3E0A1
:105D200090FFD5F0ED25E0FDEC33FC74E32DF5821A
:105D300074013CF583E090FFE8F074E32DF5827484
:105D4000013CF583A3E090FFD0F0E512FD7C002537
:105D5000E0FBEC33FA74E72BF58274003AF583E04C
:105D600090FFE9F074E72BF58274003AF583A3E025
:105D700090FFD1F0ED25E0FDEC33FC74DF2DF582D2
:105D800074023CF583E090FFEAF074DF2DF5827435
:105D9000023CF583A3E090FFD2F022E512FD7C00E7
:105DA00025E0FBEC33FA741D2BF58274043AF5837D
:105DB000E090FFF4F0741D2BF58274043AF583A390
:105DC000E090FFDCF0ED25E0FDEC33FC74212DF5D7
:105DD0008274033CF583E090FFF5F074212DF58289
:105DE00074033CF583A3E090FFDDF0E512FD7C0039
:105DF00025E0FBEC33FA74192BF58274053AF58330
:105E0000E090FFF6F074192BF58274053AF583A340
:105E1000E090FFDEF0ED25E0FDEC33FC74472DF55E
:105E20008274043CF583E090FFF7F074472DF5820F
:105E300074043CF583A3E090FFDFF0E512FD7C00E5
:105E400025E0FBEC33FA744B2BF58274033AF583AF
:105E5000E090FFF8F0744B2BF58274033AF583A3BE
:105E6000E090FFE0F0ED25E0FDEC33FC74432DF510
:105E70008274053CF583E090FFF9F074432DF582C0
:105E800074053CF583A3E090FFE1F0E512FD7C0092
:105E900025E0FBEC33FA74712BF58274043AF58338
:105EA000E090FFEEF074712BF58274043AF583A351
:105EB000E090FFD6F0ED25E0FDEC33FC74752DF598
:105EC0008274033CF583E090FFEFF074752DF5824A
:105ED00074033CF583A3E090FFD7F0E512FD7C004E
:105EE00025E0FBEC33FA746D2BF58274053AF583EB
:105EF000E090FFF0F0746D2BF58274053AF583A302
:105F0000E090FFD8F0ED25E0FDEC33FC749B2DF51F
:105F10008274043CF583E090FFF1F0749B2DF582D0
:105F200074043CF583A3E090FFD9F0E512FD7C00FA
:105F300025E0FBEC33FA749F2BF58274033AF5836A
:105F4000E090FFF2F0749F2BF58274033AF583A37F
:105F5000E090FFDAF0ED25E0FDEC33FC74972DF5D1
:105F60008274053CF583E090FFF3F074972DF58281
:105F700074053CF583A3E090FFDBF0E512FD7C00A7
:105F800025E0FBEC33FA74C52BF58274043AF583F3
:105F9000E090FFEBF074C52BF58274043AF583A30F
:105FA000E090FFD3F0ED25E0FDEC33FC74C92DF556
:105FB0008274033CF583E090FFECF074C92DF58208
:105FC00074033CF583A3E090FFD4F0E512FD7C0060
:105FD00025E0FBEC33FA74C12BF58274053AF583A6
:105FE000E090FFEDF074C12BF58274053AF583A3C0
:105FF000E090FFD5F0ED25E0FDEC33FC74EF2DF5DE
:106000008274043CF583E090FFE8F074EF2DF58294
:1060100074043CF583A3E090FFD0F0E512FD7C0012
:1060200025E0FBEC33FA74F32BF58274033AF58325
:10603000E090FFE9F074F32BF58274033AF583A343
:10604000E090FFD1F0ED25E0FDEC33FC74EB2DF595
:106050008274053CF583E090FFEAF074EB2DF58245
:1060600074053CF583A3E090FFD2F02220180302D0
:10607000631EE515700B90086E04F0A37405F080A4
:1060800042E515B4010C90086E7402F0A37404F09C
:106090008031E515B4020A90086E7403F0A3F08015
:1060A00022E515B4030C90086E7404F0A37402F09A
:1060B0008011E515C39404400A90086E7405F0A39E
:1060C0007401F0900943E004F090086EE02402FFB0
:1060D000E433FE900943E0D39FEE6480F874809827
:1060E000500302631EE4F02055030262049009216C
:1060F000E0FEA3E0FF9415EE9400501674642FF5B3
:106100008274843EF583E493FF90086CF07E001265
:10611000AB99900921E0FEA3E0FFC39416EE940032
:10612000501674792FF58274843EF583E493FF90C2
:10613000086CF07E0012AB99900921E0FEA3E0FF0D
:10614000C39417EE94005016748F2FF58274843E1A
:10615000F583E493FF90086CF07E0012AB999009F0
:1061600021E0FEA3E0FFC39418EE9400501674A63D
:106170002FF58274843EF583E493FF90086CF07EE3
:106180000012AB99900921E0FEA3E0FFC39419EE41
:106190009400501674BE2FF58274843EF583E49308
:1061A000FF90086CF07E0012AB99900921E0FEA3ED
:1061B000E0FFC3941AEE9400501674D72FF5827442
:1061C000843EF583E493FF90086CF07E0012AB9957
:1061D00012001A900922E004F07006900921E004F0
:1061E000F090086FE02428FFE433FED3900922E00A
:1061F0009F900921E09E500302631EE4F0A3F0D2B9
:1062000056C2552220560302631E900921E0FEA3C8
:10621000E0FFC39415EE9400501674F12FF58274CC
:10622000843EF583E493FF90086CF07E0012AB99F6
:10623000900921E0FEA3E0FFC39417EE94005016EE
:1062400074062FF58274853EF583E493FF90086C05
:10625000F07E0012AB99900921E0FEA3E0FFC39409
:1062600018EE94005016741D2FF58274853EF58348
:10627000E493FF90086CF07E0012AB99900921E046
:10628000FEA3E0FFC39419EE9400501674352FF569
:106290008274853EF583E493FF90086CF07E0012D3
:1062A000AB99900921E0FEA3E0FFC3941AEE94009D
:1062B0005016744E2FF58274853EF583E493FF905B
:1062C000086CF07E0012AB99900921E0FEA3E0FF7C
:1062D000C3941BEE9400501674682FF58274853EAB
:1062E000F583E493FF90086CF07E0012AB991200E6
:1062F0001A900922E004F07006900921E004F09061
:10630000086FE02428FFE433FED3900922E09F9039
:106310000921E09E4008E4F0A3F0C256D255229035
:1063200008DBE07002A3E0600E9008DCE024FFF0E0
:106330009008DBE034FFF0203D030263D190092A8E
:10634000E004F0E0C3940F500612A52402646790A5
:10635000092AE0C3941E504C90092EE0FF7007906C
:10636000086F04F08016EFB4010890086F7403F012
:10637000800AEFB4020690086F7404F0E49008708D
:10638000F0900870E0FFC3947D40030264679008BA
:106390006FE0FD7C007BFA7A001236D6900870E040
:1063A00004F080DD90092AE0D3941E500302646754
:1063B000E4F090092EE004F0E0D39402500302646C
:1063C00067E4F0306503026467C23D128CBB02646F
:1063D00067A22C7221400302646790092AE004F04E
:1063E000E0941E5003026467E4F090092CE0FF7013
:1063F000028045EFB401028032EFB40203E480383A
:10640000EFB403028025EFB40403E4802BEFB4055E
:10641000028018EFB40603E4801EEFB40702800B7D
:10642000EFB40803E48011EFB4090890091E74FA70
:10643000F08009EFB40A05E490091EF090086F742B
:1064400006F0302C03740AF090092CE004F0900858
:106450006FE0FF90092CE0D39F400CE4F0C22CC207
:106460002190094274AAF0E490086CF03000199071
:106470000902E0B4010280529008DBE07004A3E05E
:106480006401706F7F018068300119900902E0B4E7
:10649000210280369008DBE07004A3E064017053B1
:1064A0007F02804C300219900902E0B44102801A48
:1064B0009008DBE07004A3E0640170377F03803054
:1064C000300330900902E0B46118C252E4900935FB
:1064D000F0A3F0900903E0FF12AFC790086CEFF053
:1064E00080119008DBE07004A3E0640170057F0474
:1064F00012978F90086CE014600C14601E146004F6
:10650000240370398031900925E004F0E0D3940A27
:10651000402BE4F0A3E06018E4F022900925E004A9
:10652000F0E0D3941E4016E4F0A3E06003E4F02210
:1065300090092674FAF02290092674AAF022260304
:1065400042006C007500650074006F006F007400FD
:10655000680020004B006500790062006F00610058
:10656000720064001803530049004E004F002000E1
:106570005700450041004C00540048000A03300019
:106580003000300031001003420059002000540058
:10659000650063006800000403090405010906A101
:1065A00001050719E029E715002501950875018106
:1065B0000295017508810395067508150026FF00F0
:1065C000050719002AFF00810025019505750105C1
:1065D00008190129059102950175039103C0050170
:1065E0000980A10185011981298315002501750103
:1065F0009503810295058101C0050C0901A1018562
:106600000219002A3C021500263C029501751081F2
:1066100000C00600FF0901A1018505150026FF0045
:106620001901290275089505B102C005010906A1E5
:1066300001850605071904297015002501750195C6
:10664000788102C00600FF0901A101850A15002614
:10665000FF00090075089540B102C0120110010049
:106660000000088A25F80004600102000109023BCD
:1066700000020100A0FA0904000001030101000961
:1066800021110100012243000705810308000109CF
:106690000401000103000000092111010001227D15
:1066A00000070582031000010921110100012243A6
:1066B00000092111010001227D00FFB25AFFB16AD9
:1066C000FFAC0AFFB17CFFAD7FFFB1AEFFADB0FF05
:1066D000AE0AFF0016FFA690FFA81FFF9BD5FF5430
:1066E00080FFAEB9FFAF5AFFA37CFF9D17FFB157E4
:1066F000FFAF34FFAF7FFFA98A0001010201020052
:106700000303020304000505000906010B07000747
:106710000880000980060C81060C80080D81000AA3
:1067200082000B810A0EA1010F210910210A11A17B
:106730000212210B13A103144631321C1D1E060741
:106740000809452F30191A1B030405442E15161786
:106750001800010242432A2B2C2D2E3F4041545554
:106760006956576A6B58595A6C6D6E6F5B5C7071E5
:106770005D72737475767778797A7B7C7D5E5F6005
:106780006162636465666768494A4B4C4D4E4F5081
:10679000515253483435363738393A3B3C33344715
:1067A000331F202122232425262728290A0B0C0DFC
:1067B0000E0F10111213141C1D3246453031050600
:1067C0000708091A1B2E2F43474458595A5B6E6F0E
:1067D0001E1F333448495C5D707103041718192C6F
:1067E0002D41425556576C6D0A0B0C20212235362F
:1067F000374A4B4C5E5F6072737400010215162AB3
:106800002B3F405455696A6B0D0E0F102324253819
:10681000393A4D4E4F61626364757677787911121B
:106820001314262728293B3C3D3E505152535051CA
:106830005253656667687A7B7C7D0001020304051C
:10684000060708090A0C0E10121416181B1E212424
:10685000272A2D303336393C3F4245484B4E52555E
:10686000585B5E62666A6E72767A7E82868A8E92E5
:10687000969A9EA2A6AAAEB2B6BABEC2C6CACED2D8
:10688000D6DADEE2E6EAEEF2F4F6F8FAFCFEFEFC18
:10689000FAF8F6F4F2EEEAE6E2DEDAD6D2CECAC6CC
:1068A000C2BEBAB6B2AEAAA6A29E9A96928E8A86A8
:1068B000827E7A76726E6A66625E5B5855524E4B85
:1068C0004845423F3C393633302D2A2724211E1BB0
:1068D00018161412100E0C0A090807060504030204
:1068E00001000000000000000000000000000000A7
:1068F0000000000000000000000000000000000098
:106900000000000000000000000000000000000087
:106910000000000000000000000000000000000077
:10692000000000000000000000007F6312A9DDE409
:10693000900871F0A3F0900871E0FCA3E0FDAE04B4
:106940007802C333CE33CED8F92400FFEE34C6909C
:106950000873F0A3EFF0ED64054C702212A738E045
:106960002401FF900873E03400FE0D12A742A3E05B
:106970002402FF900873E03400FE1D026A9C900818
:1069800071E07004A3E06404702412A738E02401CD
:10699000FF900873E03400FE7D0212A742A3E024BA
:1069A00002FF900873E03400FEE4FD026A9C900848
:1069B00071E07004A3E06411702412A738E0240190
:1069C000FF900873E03400FE7D0412A742A3E02488
:1069D00002FF900873E03400FEE4FD026A9C900818
:1069E00071E07004A3E0640B702412A738E0240166
:1069F000FF900873E03400FE7D0812A742A3E02454
:106A000002FF900873E03400FEE4FD026A9C9008E7
:106A100071E07004A3E06441702312A738E0240100
:106A2000FF900873E03400FE7D1012A742A3E0241B
:106A300002FF900873E03400FEE4FD805F9008716F
:106A4000E07004A3E06452702312A738E02401FF31
:106A5000900873E03400FE7D2012A742A3E02402D8
:106A6000FF900873E03400FEE4FD8030900871E090
:106A70007004A3E06435900873703212A73BE024E1
:106A800001FF900873E03400FE7D4012A742A3E0AE
:106A90002402FF900873E03400FEE4FD12A742A335
:106AA000E02403FF900873E03400FE804312A73B0C
:106AB000E02401FF900873E03400FE12A742A3E037
:106AC0002402FF900873E03400FE900871E0FCA3FC
:106AD000E02484F582749A3CF583E493FD12A74286
:106AE000900874E02403FF900873E03400FEE4FD96
:106AF00012A742900872E004F07006900871E0045A
:106B0000F0C3900872E0947E900871E09400500306
:106B10000269362290FF817408F0A3F0A3F0A3F07D
:106B2000A3F090FF9C7404F090FF987438F090FFED
:106B3000B8E4F090FFA07435F090FFE8E4F090FF27
:106B4000D07435F090FFB9E4F090FFA17436F09066
:106B5000FFE9E4F090FFD17436F090FFBAE4F090D2
:106B6000FFA27437F090FFEAE4F090FFD27437F0A0
:106B700090FFBBE4F090FFA37432F090FFEBE4F0E1
:106B800090FFD37432F090FFBCE4F090FFA4743314
:106B9000F090FFECE4F090FFD47433F090FFBDE48C
:106BA000F090FFA57434F090FFEDE4F090FFD57401
:106BB00034F090FF877408F0A3F0A3F0A3F0A3F0E3
:106BC00090FF9D7404F090FF997438F090FFBEE43C
:106BD000F090FFA6742CF090FFEEE4F090FFD674D6
:106BE0002CF090FFBFE4F090FFA7742DF090FFEF22
:106BF000E4F090FFD7742DF090FFC0E4F090FFA870
:106C0000742EF090FFF0E4F090FFD8742EF090FF17
:106C1000C1E4F090FFA9742FF090FFF1E4F090FF31
:106C2000D9742FF090FFC2E4F090FFAA7430F09076
:106C3000FFF2E4F090FFDA7430F090FFC3E4F090DC
:106C4000FFAB7431F090FFF3E4F090FFDB7431F0B0
:106C500090FF8D7408F0A3F0A3F0A3F0A3F090FFD1
:106C60009E7404F090FF9A7438F090FFC4E4F090A2
:106C7000FFAC7426F090FFF4E4F090FFDC7426F093
:106C800090FFC5E4F090FFAD7427F090FFF5E4F0BD
:106C900090FFDD7427F090FFC6E4F090FFAE7428FB
:106CA000F090FFF6E4F090FFDE7428F090FFC7E468
:106CB000F090FFAF7429F090FFF7E4F090FFDF74DD
:106CC00029F090FFC8E4F090FFB0742AF090FFF82C
:106CD000E4F090FFE0742AF090FFC9E4F090FFB177
:106CE000742BF090FFF9E4F090FFE1742BF090FF2B
:106CF00086748AF090FF8CF090FF80F022201B03B6
:106D0000026ED9900943E004F0E5152401FFE43355
:106D1000FEE0D39FEE6480F87480985003026ED931
:106D2000E4F0900921E0FEA3E0244FF582749E3E3A
:106D3000F583E493FF90086DF090086FE4F0A3EF03
:106D4000F0900922E004F07006900921E004F0D3ED
:106D5000900922E09493900921E094004004E4F02B
:106D6000A3F0E490086CF090086CE0FFC3947E40C0
:106D700003026ED9E5166003026E7D120BE4EF701C
:106D800003026ED090086CE0FD7C00E4FF12959742
:106D9000EFFB7A0090086DE0FFE51A8FF0A4FFAEDC
:106DA000F07C007DFF127447EF8517F0A4FFAEF072
:106DB0007C007D05127447EF75F004A42BFFEA35C3
:106DC000F0FE90086CE0FD75F002A42415F582E554
:106DD000F03400F583EEF0A3EFF07C007F01129514
:106DE00097EFFB7A0090086DE0FFE5198FF0A4FFA4
:106DF000AEF07C007DFF127447EF8517F0A4FFAE64
:106E0000F07C007D05127447EF75F004A42BFFEAB7
:106E100035F0FE90086CE0FD75F002A42411F582B7
:106E2000E5F03401F583EEF0A3EFF07C007F021271
:106E30009597EFFB7A0090086DE0FFE5188FF0A4BE
:106E4000FFAEF07C007DFF127447EF8517F0A4FFC2
:106E5000AEF07C007D05127447EF75F004A42BFFA3
:106E6000EA35F0FE90086CE075F002A4240DF5827E
:106E7000E5F03402F583EEF0A3EFF08053E51664FD
:106E800008703090086CE075F00584AFF090086EE3
:106E9000EFF070037408F090086CE0FF120BE4EF61
:106EA000602E90086CE0FF90086EE0FD7C0090087A
:106EB0006D801690086CE0FF120BE4EF60129008F2
:106EC0006CE0FFE516FD7C00A3E0FB7A001236D6ED
:106ED00090086CE004F0026D6722E4FFF508C23808
:106EE000785BE630E502D238E490086CF090086CEC
:106EF000E0FEC394155010744E2EF8E660010F901A
:106F0000086CE004F080E6EF601BE4F50AF50BF591
:106F100010F511C235C236303805F50C026FD27546
:106F20000C6E026FD212B25012B19EE4F50D9008B1
:106F30006CF090086CE0FFC39415500B74732FF83D
:106F4000763FE004F080EBE50C6002150CE50F6085
:106F500002150FC23490093FE0FFB40102803DEFFB
:106F6000B4020C90086F7402F0A37458F08037EFED
:106F7000B4030C90086F7404F0A374B0F08027EF92
:106F8000B4040B90086F7407F0A304F08018EFB4FA
:106F9000050A74FF90086FF0A3F0800A90086F74E0
:106FA00001F0A3742CF0C3900870E0951190086F65
:106FB000E0951040030270A7E4F510F51130FD03D1
:106FC000D23622200403D23C222004030270A7D22E
:106FD0003522E4F50912B19EE47837F690086DF099
:106FE00090086E7401F0E490086CF090086DE02455
:106FF0004EF8A3E056601412004612960090086DF9
:10700000E02473F8A3E0F456F6800E90086DE024B7
:1070100073F8A3E046F612A8B5050890086EE025BF
:10702000E0F090086CE004F0E0C3940640BD9008E6
:107030006DE004F0E0C3941540A630041D7838E6F6
:10704000602F08E6602B08E6602708E6602308E664
:10705000601F08E6601BD23480177838E66012089B
:10706000E6600E08E6600A08E6600608E66002D2FE
:1070700034E50920E004E47838F6E50920E104E489
:107080007839F6E50920E204E4783AF6E50920E3E8
:1070900004E4783BF6E50920E404E4783CF6E509ED
:1070A00020E504E4783DF622E490086EF0C2B79043
:1070B000086DF0C2B77F027E0012ADDE90086EE070
:1070C00025E0F0308306E04401F0800790086EE090
:1070D00054FEF0D2B77F027E0012ADDE90086DE064
:1070E00004F0E0C3940840CBD2B790086EE0FF22D2
:1070F0000000000000000000000000000000000090
:10710000000000000000000090089BEFF0306503D5
:107110000272AC900945E0FFB4010790089C74CA64
:107120008014EFB4020790089C74CC8009EFB4037C
:107130000990089C74CEF0A3E4F090089BE0FD75E4
:10714000F003A4FF90089DE02FFF90089CE035F02D
:107150008F82F583E49360397C00E4FF129597EF0A
:10716000FB7A00E51775F0FFA4FFAEF07D05127401
:1071700047EF75F004A42BFFEA35F0FE90089BE082
:1071800075F002A42415F582E5F03400F583EE8055
:107190001F90089BE0FD7C00E4FF12959790089BF0
:1071A000E075F002A42415F582E5F03400F583E4DF
:1071B000F0A3EFF090089BE0FD75F003A4FF9008AA
:1071C0009DE02FFF90089CE035F0FE8F82F58374E0
:1071D000019360397C007F01129597EFFB7A00E5FF
:1071E0001775F0FFA4FFAEF07D05127447EF75F040
:1071F00004A42BFFEA35F0FE90089BE075F002A492
:107200002411F582E5F03401F583EE801F90089B90
:10721000E0FD7C007F0112959790089BE075F002DD
:10722000A42411F582E5F03401F583E4F0A3EFF036
:1072300090089BE0FD75F003A4FF90089DE02FFFF0
:1072400090089CE035F0FE8F82F5837402936039DC
:107250007C007F02129597EFFB7A00E51775F0FF2F
:10726000A4FFAEF07D05127447EF75F004A42BFF68
:10727000EA35F0FE90089BE075F002A4240DF5823B
:10728000E5F03402F583EE801F90089BE0FD7C0062
:107290007F0212959790089BE075F002A4240DF5EB
:1072A00082E5F03402F583E4F0A3EFF022201E0320
:1072B000027434900943E004F0E5152403FFE4333D
:1072C000FEE0D39FEE6480F874809850030274341B
:1072D000E4F02055030273AC900921E0FEA3E02402
:1072E000F5F58274813EF583E493FF90086CF07E9F
:1072F0000012AB99900921E0FEA3E0241AF58274F4
:10730000823EF583E493FF90086CF07E0012AB9907
:10731000900921E0FEA3E0243FF58274823EF583CC
:10732000E493FF90086CF07E0012AB99900921E085
:10733000FEA3E02464F58274823EF583E493FF901B
:10734000086CF07E0012AB99900921E0FEA3E024C6
:1073500089F58274823EF583E493FF90086CF07E99
:107360000012AB99900921E0FEA3E024AEF58274EF
:10737000823EF583E493FF90086CF07E0012AB9997
:1073800012001A900922E004F07006900921E0042E
:10739000F0D3900922E0941E900921E0940050035C
:1073A000027434E4F0A3F0D256C255223056529003
:1073B0000921E0FEA3E024D3F58274823EF583E444
:1073C00093FF90086CF07E0012AB9912001A90099E
:1073D00022E004F07006900921E004F0D390092225
:1073E000E0941E900921E094004049E4F0A3F0C22B
:1073F00056C255D25790090D7431F0E490091CF033
:107400002230573090091CE004F0E0FFD394144080
:1074100013E4F090090DF0900921F0A3F0C256D2C8
:1074200055C2572290090DE0900911F0900912EF12
:10743000F012510822EF8DF0A4A8F0CF8CF0A42810
:10744000CE8DF0A42EFE22BC000BBE0029EF8DF0E5
:1074500084FFADF022E4CCF875F008EF2FFFEE3397
:10746000FEEC33FCEE9DEC984005FCEE9DFE0FD546
:10747000F0E9E4CEFD22EDF8F5F0EE8420D21CFE1A
:10748000ADF075F008EF2FFFED33FD400798500683
:10749000D5F0F222C398FD0FD5F0EA22C2D5EC3028
:1074A000E709B2D5E4C39DFDE49CFCEE30E715B2DC
:1074B000D5E4C39FFFE49EFE127447C3E49DFDE440
:1074C0009CFC800312744730D507C3E49FFFE49E01
:1074D000FE22C5F0F8A3E028F0C5F0F8E582158299
:1074E00070021583E038F022A3F8E0C5F025F0F033
:1074F000E582158270021583E0C838F0E822CFF4E7
:10750000CFCEF4CECDF4CDCCF4CC22EB9FF5F0EA87
:107510009E42F0E99D42F0E89C45F022E8600FEFC2
:10752000C333FFEE33FEED33FDEC33FCD8F122EC38
:10753000F0A3EDF0A3EEF0A3EFF022A8828583F094
:10754000D083D08212755212755212755212755232
:10755000E473E493A3C583C5F0C583C8C582C8F0AE
:10756000A3C583C5F0C583C8C582C822A42582F5FA
:1075700082E5F03583F58322D083D082F8E49370DE
:1075800012740193700DA3A393F8740193F582888C
:1075900083E4737402936860EFA3A3A380DF8A83FC
:1075A0008982E473E0FCA3E0FDA3E0FEA3E0FF22F8
:1075B0000035000000CE003A7FC800C7003B7FC9FD
:1075C0000000003C7F000000003D00000000003E85
:1075D000000000A0003F46494C000040474A4D00D3
:1075E0000041484B4E0000420000C20000437FC6ED
:1075F00000000044C4C500000045C3000000004C6A
:10760000C1CF0000000000000000000000000000EA
:10761000000000000000000000000000000000006A
:107620000000000000000000000000000000003525
:10763000000000CE008A7FC800C7008C7FC9000010
:1076400000887F0000000089000000000087000023
:1076500000A0008200000000008100000000008304
:107660000000000000800000C20000847FC600000F
:107670000086C4C500000085C3000000004CC1CFD7
:1076800000000000000000000000000000000000FA
:1076900000000000000000000000000000000000EA
:1076A00000000000000000000000000000350000A5
:1076B00000CE008A7FC800C7008C7FC90000008808
:1076C0007F0000000089000000000087000000A08B
:1076D000008246494C000081474A4D000083484BD8
:1076E0004E0000800000C20000847FC600000086BB
:1076F000C4C500000085C3000000004CC1CF0000DD
:107700000000000000000000000000000000000079
:107710000000000000000000000000000000000069
:1077200000000000000000000000201D0302789609
:10773000E515240290086DF0305560900943E0048F
:10774000F090086DE0FF900943E0D39F500302786A
:1077500096E4F0900921E0FEA3E0248EF58274A265
:107760003EF583E493FF90086CF07E0012AB991213
:10777000001A900922E004F07006900921E004F05C
:10778000D3900922E0945D900921E0940050030217
:107790007896E4F0A3F0D256C25522205603027820
:1077A00023900943E004F090086DE02404FFE433E3
:1077B000FE900943E0D39FEE6480F87480985003F4
:1077C000027896E4F0900921E0FEA3E0FF941EEE1B
:1077D0009400501974EB2FF58274A23EF583E49364
:1077E000FF90086CF07E0012AB9912001A900922EB
:1077F000E004F07006900921E004F0D3900922E043
:10780000941E900921E094005003027896E4F0A3BE
:10781000F0C256C255D25790090D7431F0E4900968
:107820001CF02230574A900943E004F090086DE0C4
:10783000FF900943E0C39F405DE4900943F0900945
:107840001CE004F0E0FFD394144015E4F090090D1F
:10785000F0900921F0A3F0D258C257C256C2552267
:1078600090090DE0900911F0900912EFF002510813
:10787000305823900943E004F090086DE0FF900930
:1078800043E0D39F4010E4F0900921F0A3F0C256EA
:10789000C257C258D25522900945E0FEB4010C7F70
:1078A0006512A9DD90061574CA8021EEB4020C7F22
:1078B0006612A9DD90061574CC8011900945E0B4DC
:1078C000030E7F6712A9DD90061574CEF0A3E4F0D5
:1078D000E4900896F0900896E0FFC3947E4003027F
:1078E00079E4EFFD7C00E4FF129597900896E0752F
:1078F000F002A42415F582E5F03400F583E0FCA342
:10790000E0FD6F7001EC6010ED4C600C900615E02E
:10791000FEA3E0FF7DFF800A900615E0FEA3E0FFD6
:10792000E4FD12A742900616E004F07006900615DA
:10793000E004F0900896E0FD7C007F01129597909E
:107940000896E075F002A42411F582E5F03401F503
:1079500083E0FCA3E0FD6F7001EC6010ED4C600C67
:10796000900615E0FEA3E0FF7DFF800A900615E07B
:10797000FEA3E0FFE4FD12A742900616E004F070BB
:1079800006900615E004F0900896E0FD7C007F026A
:10799000129597900896E075F002A4240DF582E503
:1079A000F03402F583E0FCA3E0FD6F7001EC6010A1
:1079B000ED4C600C900615E0FEA3E0FF7DFF800A11
:1079C000900615E0FEA3E0FFE4FD12A74290061624
:1079D000E004F07006900615E004F0900896E004CC
:1079E000F00278D5900615E0FEA3E0FF7DAA12A76D
:1079F00042E004F07006900615E004F022305D03CA
:107A0000027B62306503027B62A23B723972664080
:107A100003027B1E12B22F12ACAF9008DF74AAF0E3
:107A2000A3741DF0A37402F090085FE078374690CD
:107A300008E2F008E6A3F008E6A3F008E6A3F008E1
:107A4000E6A3F008E6A3F0E4A3F030667190082DF9
:107A5000E09008E9F090082EE09008EAF090082FF6
:107A6000E09008EBF0900830E09008ECF0900831DE
:107A7000E09008EDF0900832E09008EEF0900833C6
:107A8000E09008EFF0900834E09008F0F0900835AE
:107A9000E09008F1F0900836E09008F2F090083796
:107AA000E09008F3F0900838E09008F4F09008397E
:107AB000E09008F5F090083AE09008F6803A786592
:107AC000E69008E9F008E6A3F008E6A3F008E6A3CC
:107AD000F008E6A3F008E6A3F008E6A3F008E6A3A2
:107AE000F008E6A3F008E6A3F008E6A3F008E6A392
:107AF000F008E6A3F008E6A3F0E4A3F0A3F0E49016
:107B000008F9F0A3F0A3F0A3F0A3F0D25DC239C24C
:107B10003BC2669008FFF0A3F09008DDF022303AF7
:107B2000419008DF74AAF0A3740BF0A37405F0E48D
:107B3000A3F0A3F0A3F0A3F0A3F0A3F0303A0978E8
:107B40008BE6A3F018E6A3F0E49008EAF0A3F0D2E5
:107B50005D9008FFF0A3F09008DDF0788AF608F653
:107B6000C23A22C2FE30FD5DC21590092F74AAF000
:107B7000900923E004F0E0D394055003027C0C74D8
:107B800006F030FF24900928E004F0E0D39414407C
:107B90001F741EF0302019C220202C14D22CE49027
:107BA0000925F0900924F08007D220E4900928F0FC
:107BB000302E59C22E202154D221E4900925F09074
:107BC0000924F08047D22EC22C900933E0FFC394E1
:107BD00003502820042590092BE004F0E0941E4077
:107BE00012E4F090092FE06004E4F0800690092F81
:107BF00074FFF0EFC394025002D215900933E0D322
:107C00009403400890092F74AAF0C21590091DE052
:107C100004F0E0D394354006E4F0900927F0900991
:107C20001DE0FDB4140F900927E0308E044401F0EC
:107C30002254FEF022EDB4280F900927E0308E0484
:107C40004402F02254FDF02290091DE06433707765
:107C5000308D26C22D20040F12A5DEE4FF12978F6F
:107C60009009297401F022900929E0605AE4FF127A
:107C7000978F900929E014F022900927E06403709F
:107C80003520014320024020033D900920E0B4014B
:107C900002801C900920E0B4020712A5DE7F038059
:107CA00023900920E0B4030712A5DE7F048015129B
:107CB000A5DE7F02800E900927E0700B20000812DD
:107CC000A5DE7F0112978F22C2AFC2A812AE8E53DB
:107CD000D9EE43D11153F8EE75EF0075E7FF75C08B
:107CE0000053EE7843E68753887853ED9243E56D71
:107CF00053B09253E91F43E1E053801F53EAC0435E
:107D0000E23F5390C053EBC043E33F5398C053EC62
:107D1000C043E43F53A0C053EE9F53E69F53889F58
:107D200053E91F43E1E053801F53D93F43D1C05370
:107D3000F83FC2FE53E1F753E57F53E1EF53E1FB18
:107D400053E5EFD261E4200439F5B675E8F375BA6E
:107D5000F243A802D2AF43910153B2FB53BCFE538E
:107D6000BCFD53B2F743948553927AF5A953913BE6
:107D7000538FFE53E9FC43E1035380FC00000000F5
:107D80008022F5E875BAF275B6C043A802D2AF43B7
:107D9000910153B2FB53BCFE53BCFD4394855392F7
:107DA0007A75A9010000000000758E554387020016
:107DB0000000000000E4F5B1C2AFF5B6F5E8F5BA91
:107DC00053A8FD75B2087F05FE12ADDE43BC027FED
:107DD0002112ADDEE4F5B175BC0375B20C7F05125E
:107DE000ADDE5392FD5391FE758F01439102C24B5C
:107DF00075945F43A90112A58312000E200403129B
:107E0000B144C252C26143E104C282128CBBE4900D
:107E100008BAF0A3F0D262D2AFD2A8126B1490FFCE
:107E20008074CAF043A90222203E03027F6F9009AA
:107E300022E004F07006900921E004F0900921E0AE
:107E4000FEA3E0FFC39464EE94005055E490086CE8
:107E5000F090086CE0FDC3947E4003027F6F75F0E4
:107E600002EDA42415F582E5F03400F5837404F0E6
:107E7000A3E4F075F002EDA42411F582E5F03401DD
:107E8000F583E4F0A3F075F002EDA4240DF582E58E
:107E9000F03402F583E4F0A3F090086CE004F08085
:107EA000B0EF64644E705490086CF090086CE0FF82
:107EB000C3947E4003027F6F75F002EFA42411F596
:107EC00082E5F03401F5837404F0A3E4F075F00268
:107ED000EFA42415F582E5F03400F583E4F0A3F077
:107EE00075F002EFA4240DF582E5F03402F583E489
:107EF000F0A3F090086CE004F080B0900921E0FE5F
:107F0000A3E0FF64C84E705190086CF090086CE0DC
:107F1000FDC3947E505975F002EDA4240DF582E561
:107F2000F03402F5837404F0A3E4F075F002EDA4DC
:107F30002411F582E5F03401F583E4F0A3F075F047
:107F400002EDA42415F582E5F03400F583E4F0A3F6
:107F5000F090086CE004F080B3D3EF942CEE940121
:107F6000400D9009217401F0A37436F012AC782210
:107F7000E4F5B112AF0DC261C251D2A8D2AFD22E78
:107F8000E4F515E4F5B17F507EC312ADDEE4F5B142
:107F90000515E515C3940840EA12A638129B33E490
:107FA000F5B1126B1490FF8074CAF043A902E4F596
:107FB000B130520B300408305403127CC8C2523026
:107FC0003C08200405C23C127CC8E4F5B1303F6196
:107FD000C23F126EDA129EE3122CC23004081291D4
:107FE000081288BE8042305E0A206407C25E12AE6C
:107FF0006280351279FD128AC2E4900931F0A3F053
:10800000305D25E4F5B1128AC2900932E004F070C7
:1080100006900931E004F0D3900932E09408900909
:1080200031E0940040DAC25D203D06128BC212ABF3
:10803000D2304C08C24C203D0312264F304F32C282
:108040004F20652D203D2712B0C212AB1E126CFDD1
:1080500012470B1291E71289C112869E128DB1123E
:10806000606C12833712772A1272AD12A4C4127E8A
:1080700028205003027FAEE4F5B1127B6312631F28
:1080800012ACE512946A305D25E4F5B1128AC29013
:108090000932E004F07006900931E004F0D3900951
:1080A00032E09408900931E0940040DAC25DC25099
:1080B000027FAE9008C1E0FCA3E0FD64414C707704
:1080C0009008D304F09008C2E024F8F09008C1E0D2
:1080D00034FFF09008D47411F0A37408F09008D421
:1080E000E0FAA3E0FBF5828A837401F08B828A8335
:1080F000A3F08B828A83A3A3F08B828A83A3A3A39A
:10810000F0EB2404F582E43AF5837401F0EB2405E6
:10811000F582E43AF583E4F0EB2406F582E43AF5DF
:1081200083E4F0EB2407F582E43AF583E4F0539B13
:10813000F0439B08D25322D3ED9408EC94004023E3
:108140009008D37401F09008C2E024F8F09008C1C0
:10815000E034FFF09008C9E02408F09008C8E0344B
:108160000080369008C1E07004A3E064087032908B
:1081700008D304F0A37411F0A37408F0E4FF90088E
:10818000D4E0FCA3E02FF582E43CF583E4F00FEFAC
:10819000B408EBE49008C1F0A3F0539BF0439B08B4
:1081A000229008C1E07002A3E070139008D374021B
:1081B000F0539BF0E49008C1F0A3F0C25322900862
:1081C000D37402F0A37411F0A37408F0E4FF9008D4
:1081D000D4E0FCA3E02FF582E43CF583E4F00FEF5C
:1081E000B408EB539BF09008C1A3E0429BE49008D5
:1081F000C1F0A3F02215161718191A1B1C1D1E1FFB
:10820000202122232425262728293E3D3C3B3A399C
:10821000383736351F1E324748347D7D0001020352
:108220000405060708090A0B0C0D0E0F1011121396
:1082300014292827262524232221201F1E32477D8A
:108240007D2A2B2C2D2E2F303132333435363738D2
:10825000393A3B3C3D3E535251504F4E4D4C4B4AA8
:10826000494847326867666564636261605F5E5D66
:108270005C5B5A5958575655543F40414243444518
:10828000464748341F1E4748347D7D7D7C7B7A7984
:108290007877767574737271706F6E6D6C6B6A69D6
:1082A0005455565758595A5B5C5D7D7D7D7D7D7D6B
:1082B000535251504F4E4D4C4B4A49484746454406
:1082C000434241403F2A2B2C2D2E2F3031321E1F8E
:1082D0003448474645301C1D324645301C1D324649
:1082E00045301C1D324645301C1D32317D7D7D7D63
:1082F0007D2221201F1E1D1C1B1A19181716152A56
:108300002B2C2D2E2F30313233343536374C4B4A0F
:10831000494847464544434241403F5455565758C3
:10832000595A5B5C5D5E5F606176757473727170E3
:108330006F6E6D6C6B6A69201C03028463AF15302D
:108340005606EF75F003A4FF900943E004F0E0D374
:108350009F5003028463E4F02055030283DE9009FA
:1083600021E0FEA3E02455F58274983EF583E49362
:10837000FF90086CF07E0012AB99900921E0FEA3FB
:10838000E0248CF58274983EF583E493FF90086CAA
:10839000F07E0012AB99900921E0FEA3E024C3F522
:1083A0008274983EF583E493FF90086CF07E00128F
:1083B000AB9912001A900922E004F070069009218E
:1083C000E004F0D3900922E09434900921E0940075
:1083D0005003028463E4F0A3F0D256C25522305613
:1083E0004F900921E0FEA3E024FAF58274983EF54F
:1083F00083E493FF90086CF07E0012AB9990092201
:10840000E004F07006900921E004F0D3900922E026
:10841000941E900921E094004049E4F0A3F0C25674
:10842000C255D25790090D7431F0E490091CF02226
:1084300030573090091CE004F0E0FFD3941440134F
:10844000E4F090090DF0900921F0A3F0C256D25546
:10845000C2572290090DE0900911F0900912EFF037
:1084600012510822000102030405060708090A0B3D
:108470000C0D0E0F10111213147D15161718191A62
:108480001B1C1D1E1F202122232425262728297D71
:108490007D2A2B2C2D2E2F30313233343536373880
:1084A000393A3B3C3D3E7D7D7D3F40414243444522
:1084B000464748494A4B4C4D4E4F505152537D7D93
:1084C0007D7D5455565758595A5B5C5D5E5F6061BF
:1084D000626364656667687D7D7D7D7D696A6B6CBE
:1084E0006D6E6F707172737475767778797A7B7C44
:1084F0007D14131211100F0E0D0C0B0A090807063C
:108500000504030201007D7D292827262524232236
:1085100021201F1E1D1C1B1A19181716157D7D7D85
:108520003E3D3C3B3A393837363534333231302FE3
:108530002E2D2C2B2A7D7D7D7D535251504F4E4D3B
:108540004C4B4A494847464544434241403F7D7D64
:108550007D7D7D6867666564636261605F5E5D5CAA
:108560005B5A5958575655547D7D7D7D7D7D7D7C68
:108570007B7A797877767574737271706F6E6D6CC3
:108580006B6A69900875EEF0A3EFF0A3ECF0A3ED31
:10859000F0A3EFF0ED4C7023900875E0FCA3E0FD34
:1085A000C3EC64809480500302869BED9415EC64C8
:1085B000809480400302869B028698900877E07042
:1085C00004A3E064017025900875E0FEA3E0FFC3FA
:1085D000942AEE64809480400302869BEF9414EE0C
:1085E00064809480500302869B028698900877E00E
:1085F0007004A3E064027024900875E0FEA3E0FF1D
:10860000C3943FEE64809480400302869BEF9429DC
:10861000EE64809480500302869B807C900877E013
:108620007004A3E06403701E900875E0FEA3E0FFF1
:10863000C39454EE648094805061EF943EEE648065
:10864000948040578052900877E07004A3E064045F
:10865000701E900875E0FEA3E0FFC39469EE64808D
:1086600094805037EF9453EE64809480402D80289E
:10867000900877E07004A3E06405701F900875E02F
:10868000FEA3E0FFC3947DEE64809480500DEF94D0
:1086900068EE648094804003123C4F02001A202A46
:1086A000030287B4E515700890086E7406F08034F4
:1086B000E515B4010890086E7408F08027E515B43C
:1086C000020890086E740AF0801AE515B403089049
:1086D000086E740CF0800DE515C3940440069008F4
:1086E0006E740EF0900943E004F090086EE0FF9085
:1086F0000943E0D39F50030287B4E4F0900922E0DD
:1087000004F07006900921E004F0C3900922E0947F
:108710000C900921E094004004E4F0A3F012A52499
:10872000E490086DF090086DE0FFFD900922E02DC7
:10873000FD900921E03400FC74A72DF58274AF3C54
:10874000F583E4932FF52FFF120BE4EF6007AF2FB3
:108750007E0012AB9912001A90086DE004F0E0C39D
:10876000941540C17F2B120BE490086DEFF07F2C25
:10877000120BE490086DEFF07F2D120BE490086D62
:10878000EFF07F34120BE490086DEFF07F6E120B68
:10879000E490086DEFF07F76120BE490086DEFF037
:1087A0007F3F120BE490086DEFF07F6A120BE490AC
:1087B000086DEFF022900873EFF0A3ECF0A3EDF05A
:1087C000EB54F06023E090085F30E70CE0FF900886
:1087D00073E0F4FEEF5E8009E0FF900873E0FEEFC7
:1087E0004E90085FF00288BB30046E900873E0FD85
:1087F00024FCFFE434FFFEEF7803CEC313CE13D87E
:10880000F9900876F0ED24FC5407A3F0900875E089
:1088100030E724A3E0242CF582E43408F583C083F8
:10882000C082E0FFC007900877E0FF12B1E8EFF4E4
:10883000FED0E05E0288B6900876E0242CF582E453
:108840003408F583C083C082E0FEC006900877E05C
:10885000FF12B1E8D0E04F805D900873E0FF131382
:1088600013541F900876F0EF5407A3F0900875E0BA
:1088700030E723A3E0242DF582E43408F583C08398
:10888000C082E0FFC007900877E0FF12B1E8EFF484
:10889000FED0E05E8020900876E0242DF582E4345E
:1088A00008F583C083C082E0FEC006900877E0FF31
:1088B00012B1E8D0E04FD082D083F002A944303B1F
:1088C00053C23B9008D47411F0A37480F09008D484
:1088D000E0FCA3E0F5828C837406F07F01A241B333
:1088E000B065501874632FF8E6FE9008D4E0FCA33E
:1088F000E02FF582E43CF583EEF080109008D4E0A0
:10890000FCA3E02FF582E43CF583E4F00FEFB41014
:10891000CC0289BA303A4AC23A759D039008D474A1
:1089200011F0A37480F09008D4E0FCA3E0FDF58280
:108930008C837402F0A241B3B065500D788BE68D44
:10894000828C83A3F018E6800F9008D4E0FCA3E0AB
:10895000FDF5828C83A3E4F08D828C83A3A3F08049
:108960005C30665CC2669008D47411F0A37480F029
:108970009008D4E0FEA3E0F5828E837406F07F01B8
:10898000A241B3B065501E742B2FF582E43408F574
:1089900083E0FE9008D4E0FCA3E02FF582E43CF5F0
:1089A00083EEF080109008D4E0FCA3E02FF582E481
:1089B0003CF583E4F00FEFB410C6759D10439A04A4
:1089C00022202B03028AC1900943E004F0E515241C
:1089D00001FFE433FEE0D39FEE6480F8748098508A
:1089E00003028AC1E4F0900922E004F070069009C5
:1089F00021E004F0D3900922E09405900921E0944D
:108A0000004004E4F0A3F0E490086CF090086CE0FF
:108A1000FFC394064003028AC112B11C90086DEE98
:108A2000F0A3EFF07C007D7D12744790086DECF0B0
:108A3000A3EDF0E4FF129597EFFB90086DE0FCA327
:108A4000E0FD25E0FFEC33FE74152FF58274003E47
:108A5000F583E0FEA3E0D39BEE9400505B7F011210
:108A60009597EFFB90086DE0FCA3E0FD25E0FFEC9F
:108A700033FE74112FF58274013EF583E0FEA3E00E
:108A8000D39BEE940050317F02129597EFFD900832
:108A90006DE0FAA3E0FB25E0FFEA33FE740D2FF54D
:108AA0008274023EF583E0FEA3E0D39DEE94005075
:108AB00007AF03AE0212AB9990086CE004F0028A93
:108AC0000C22E4900874F09008767432F0205D0374
:108AD000028BC143E58043E11043E10443E5107F8D
:108AE000017E0012ADDEC2827F037E0012ADDE3059
:108AF000B1089008757401F08005E4900875F0C223
:108B0000B47F357E0012ADDE9008E0E02403FFE480
:108B100033FE9008FFE0FCA3E0FD6F7002EC6E6096
:108B20003DED4C602974DE2DF58274083CF583E040
:108B3000FF12AB5C9008FFE0FEA3E024DEF5827438
:108B4000083EF583E0FF9008DDE0FEEF2EF090098F
:108B500000E004F070B29008FFE004F080AA9008F2
:108B6000DDE0FFC374559FFFF012AB5CE49008FF9B
:108B7000F0A3F0D2B7D2B4D28253E57F53E5EF53DE
:108B8000E1FB53E1EF3064049008DEF09008DEE092
:108B9000FF64AA702AEF7003C25D22900876E0603D
:108BA00020A2B1E433FF900875E06F6003C25D223C
:108BB0007F1E7E0012ADDE900876E014F080DCC2ED
:108BC0005D22784EE630E31D30321CC2322004179D
:108BD000900934E030E10554FDF0800B900934E059
:108BE0004402F08002D232203803028CBA7857E671
:108BF000FF30E21630E313301A12C21A90092D74B6
:108C000001F0751607128CBB8002D21A7850E65418
:108C100004FF18E654044FFF7851E654044FFF78E0
:108C200058E654044FFF7853E654044F7003028C07
:108C3000B3202F03028CBA900930E004F0E0D39403
:108C4000964038E4F0C22FA20272017203501E78DF
:108C50004FE630E2047F02801F7850E630E2047F66
:108C60000380157851E630E2517F04800B30004AD2
:108C70007858E630E2447F0102AA14900930E0649B
:108C8000027037A20272017203502F784FE630E271
:108C90000712A5DE7F0280187850E630E20712A5A1
:108CA000DE7F03800B7851E630E20F12A5DE7F04F1
:108CB00002978FD22FE4900930F02212A0849009FD
:108CC0002DE0B4010A90094274AAF0D231800990D3
:108CD000092DE0B40208D21B12B047028DAE9009F4
:108CE0002DE0B40305D225028DA090092DE0FFB43C
:108CF0000405D224028DAEEFB40505D226028DAE56
:108D0000EFB40605D233028DA090092DE0FFB40721
:108D100005D222028DAEEFB40805D210028DA090CC
:108D2000092DE0FFB40905D22A028DAEEFB40A0482
:108D3000D211806C90092DE0FFB40B04D22B806E11
:108D4000EFB40C04D213805890092DE0FFB40D0449
:108D5000D21C805AEFB40E04D21D8052EFB40F041F
:108D6000D21E804AEFB41004D21F8042EFB4110427
:108D7000D217803AEFB41204D2188032EFB4130C39
:108D8000D228900945E0FF124C2F802290092DE057
:108D9000B41404D212800990092DE0B41507D2143E
:108DA000121108800990092DE0B41E02D22702009A
:108DB0003E201703028E99900943E004F0E5152444
:108DC00005FFE433FEE0D39FEE6480F87480985092
:108DD00003028E99E4F0900921E0FEA3E0FF24E372
:108DE000F58274AE3EF583E493FD90086EF074F85E
:108DF0002FF58274AE3EF583E49390086FF0EDFF9B
:108E00007E0012AB9990086FE02415FFE433FE1248
:108E1000AB9990086EE0242AFFE433FE12AB9990E0
:108E2000086FE0243FFFE433FE12AB9990086EE038
:108E30002454FFE433FE12AB9990086FE02469FFDD
:108E4000E433FE12AB9912001A900944E0601090CE
:108E50000922E024FFF0900921E034FFF0800E9019
:108E60000922E004F07006900921E004F0C39009A3
:108E700022E09415900921E09400400F9009447479
:108E8000FFF0900921E4F0A37414F0900921E07040
:108E900002A3E07004900944F022306503028F8140
:108EA0007838E6704208E618F6E408F618E6700A24
:108EB000783AE67838F6E4783AF67838E6700A7860
:108EC0003BE67838F6E4783BF67838E6700A783C8A
:108ED000E67838F6E4783CF67838E6700A783DE6CD
:108EE0007838F6E4783DF67839E6703308E618F617
:108EF000E408F618E6700A783BE67839F6E4783B41
:108F0000F67839E6700A783CE67839F6E4783CF68B
:108F10007839E6700A783DE67839F6E4783DF678F7
:108F20003AE6702408E618F6E408F618E6700A78BF
:108F30003CE6783AF6E4783CF6783AE6700A783D12
:108F4000E6783AF6E4783DF6783BE6701508E618E0
:108F5000F6E408F618E6700A783DE6783BF6E47821
:108F60003DF6783CE6700708E618F6E408F67F015F
:108F700074372FF8E6FE74302FF8A6060FEFB4070B
:108F8000EF22900618E024FFF0900617E034FFF07F
:108F9000900619E0FEA3E0FF900892E0FD12A742C0
:108FA00090031EE004F0E0D394BF4006E4F0A3E099
:108FB00004F090031FE0FB700890031EE024008083
:108FC0000AEBB4010D90031EE024C0FEE434BC02A1
:108FD000906090031FE0FBB4020C90031EE024009D
:108FE000FEE434BE807AEBB4030C90031EE024C090
:108FF000FEE434BE806A90031FE0FBB4040C9003CF
:109000001EE02400FEE434C08056EBB4050C90034F
:109010001EE024C0FEE434C0804690031FE0FBB491
:10902000060C90031EE02400FEE434C28032EBB450
:10903000070C90031EE024C0FEE434C2802290039B
:109040001FE0FBB4080C90031EE02400FEE434C4CF
:10905000800EEBB4091190031EE024C0FEE434C47A
:10906000900619F0A3CEF022AB05AA04A907900838
:109070007412753B00000000E4900873F0900860E3
:10908000F0A3F0EB540FFFE4900860F0EFA3F09032
:109090000860E0FEA3E07807C333CE33CED8F9FFF3
:1090A000900860EEF0A3EFF0E9547FFDEF4DFF90E4
:1090B0000860EEF0A3EFF0E004F07006900860E0C6
:1090C00004F090085BE0FCA3E0FDA3E0FEA3E0FF5A
:1090D000900827E0F8A3E0F9A3E0FAA3E0FBEF4B48
:1090E000FFEE4AFEED49FDEC48FC90085B02752F4F
:1090F0000000000000000000000000000000000070
:1091000000000000000000002039030291E6C2398F
:10911000128E9A12ACAF9008D47411F0A37420F0A0
:10912000A241B3B065506A90085FE0783746FF907F
:1091300008D4E0FCA3E0FDF5828C83EFF08D828CF7
:1091400083A3E4F008E68D828C83A3A3F008E68D68
:10915000828C83A3A3A3F008E6FFED2404F582E448
:109160003CF583EFF008E6FFED2405F582E43CF5DD
:1091700083EFF008E6FFED2406F582E43CF583EF8B
:10918000F008E6FFED2407F582E43CF583EFF0807C
:109190004F9008D4E0FEA3E0FFF5828E83E4F08FC9
:1091A000828E83A3F08F828E83A3A3F08F828E831F
:1091B000A3A3A3F0EF2404F582E43EF583E4F0EFEB
:1091C0002405F582E43EF583E4F0EF2406F582E41D
:1091D0003EF583E4F0EF2407F582E43EF583E4F006
:1091E000759C0843990422A22672227216722340AB
:1091F000030292BE900943E004F0E5152402FFE467
:1092000033FEE0D39FEE6480F8748098500302929E
:10921000BEE4F090086EF0A304F0E490086DF090C6
:10922000086DE0FFC3940A40030292BEA3E0FCA3D2
:10923000E0FD90090EE05CFCA3E05D4C606A9008E4
:109240006DE0FE2413F582E43409F583E004F07444
:10925000132EF582E43409F583E0FED3941C4030EC
:1092600074132FF582E43409F583E4F090086EE07E
:10927000FCA3E0F4FDECF4FC90090EE05CF0A3E04C
:109280005DF074042FF582E43409F583E4F080186E
:1092900090086DE02404F582E43409F583E0900938
:1092A00011F0A3EEF012510890086FE025E0F09065
:1092B000086EE033F090086DE004F002921F220087
:1092C00006070809140B0A0D0E0F101112130C15C6
:1092D0000102030405000102030405060708090A48
:1092E0000B0C0D0E0F1011121314010204081020A4
:1092F000272A2D30333626292C2F3235282B2E3194
:10930000343700152A3F546901162B40556A02175D
:109310002C41566B03182D42576C04192E43586D7F
:10932000051A2F44596E061B30455A6F071C3146EB
:109330005B70081D32475C71091E33485D720A1F5D
:1093400034495E730B20354A5F740C21364B6075CF
:109350000D22374C61760E23384D62770F24394E3B
:10936000637810253A4F647911263B50657A1227AD
:109370003C51667B13283D52677C14293E53687D1F
:10938000B5B6B7CDE2E9EA838A9294212324252653
:10939000272A6F709830900945E0FEB4010C7F6574
:1093A00012A9DD90061574CA8021EEB4020C7F6606
:1093B00012A9DD90061574CC8011900945E0B40324
:1093C0000E7F6712A9DD90061574CEF0A3E4F0E4D9
:1093D000FC75F002ECA42421F582E5F03403F5835A
:1093E000A3E0FD900615E0FEA3E0FF12A742E00413
:1093F000F07006900615E004F075F002ECA4241D50
:10940000F582E5F03404F583A3E0FD900615E0FE57
:10941000A3E0FF12A742E004F07006900615E004F6
:10942000F075F002ECA42419F582E5F03405F5831B
:10943000A3E0FD900615E0FEA3E0FF12A742E004C2
:10944000F07006900615E004F00CEC647E708290DB
:109450000615E0FEA3E0FF7DAA12A742E004F0702B
:1094600006900615E004F0024C2F205F03029536AB
:10947000C25F43E10443E58043E5107FDF7E0012D5
:10948000ADDEC282C2B47F037E0012ADDE1270A8D0
:109490009008D7EFF01270A89008D8EFF01270A8DB
:1094A0009008DAEFF01270A89008D9EFF0C25DC210
:1094B0005FD2B4D28253E57F53E5EF53E1FBA3E0E3
:1094C000FF9008D9E0FD2FFFC374559FFF9008D788
:1094D000E064BB7061A3E06F705CA3E0FE54079092
:1094E0000934F0EE5418900903F0E0131313541FDD
:1094F000F04480F0FCED5460900902F04401F0C2A9
:1095000060BC8302D2609008DAE0FF9008DE30E7AA
:109510000774AAF0C25E800574BBF0D25EEF5407F8
:10952000900933F0E025E0F09008D9E030E70790AB
:109530000933E04401F022EEFD7C007F0112959793
:10954000EFFD900926E075F004A42DFFEC35F0FE48
:1095500090089AE0FD75F002A42411F582E5F0343C
:1095600001F583EEF0A3EFF07F02129597EFFD90E7
:109570000926E075F004A42DFFEC35F0FE90089A62
:10958000E0FD75F002A4240DF582E5F03402F583C8
:10959000EEF0A3EFF0E4FFC3ED9415EC648094804B
:1095A0005004E4FE803EC3ED942AEC648094805025
:1095B000047E01802FC3ED943FEC648094805004BE
:1095C0007E028020C3ED9454EC6480948050047E2D
:1095D000038011C3ED9469EC6480948050047E0490
:1095E00080027E05EF75F006A424F0F582E4349243
:1095F000F583E5822EF582E43583F583E493FF223B
:10960000AF087E0012B1BD302410AF2F120BE4EF73
:1096100070030296C7AF2F023C4FA2267222721629
:109620007223502AAF0812B20E74732FF8E6FEC0F0
:1096300006AF0812B1CCD0E05F70030296C7AF2F1F
:10964000120BE4EF70030296C7AF08029C763065F8
:1096500076203873AF0812B20E74732FF8E6FEC08E
:1096600006AF0812B1CCD0E05F605C7499252FF58D
:1096700082E43407F583E004F07499252FF582E441
:109680003407F583E0D39407400E7499252FF582B3
:10969000E43407F5837401F07499252FF582E434DE
:1096A00007F583E0B40708FD7C00E4FBFA8013743F
:1096B00099252FF582E43407F583E0FD7C007BFFDC
:1096C0007A00AF2F1236D62290FFF4E4F090FFDC40
:1096D0007426F090FFF5E4F090FFDD7427F090FF22
:1096E000F6E4F090FFDE7428F090FFF7E4F090FFCE
:1096F000DF7429F090FFF8E4F090FFE0742AF09016
:10970000FFF9E4F090FFE1742BF090FFEEE4F090AD
:10971000FFD6742CF090FFEFE4F090FFD7742DF09B
:1097200090FFF0E4F090FFD8742EF090FFF1E4F099
:1097300090FFD9742FF090FFF2E4F090FFDA7430CC
:10974000F090FFF3E4F090FFDB7431F090FFEBE476
:10975000F090FFD37432F090FFECE4F090FFD474FB
:1097600033F090FFEDE4F090FFD57434F090FFE813
:10977000E4F090FFD07435F090FFE9E4F090FFD171
:109780007436F090FFEAE4F090FFD27437F0229044
:109790000871EFF012B1301200419008DBE4F0A341
:1097A00074FAF09009337409F0E49008DEF0C25EB8
:1097B000900871E014601D14602B14604414605D07
:1097C00024046003029847D20412003E7F08129FCF
:1097D000FEE48063D20012003EE4FF129FFEE4909C
:1097E0000934F08052D201900920E06401600674CF
:1097F00001F012003E7F02129FFEE4900934F080D7
:1098000036D202900920E0640260067402F0120071
:109810003E7F04129FFEE4900934F0801AD2039038
:109820000920E0640360067403F012003E7F061214
:109830009FFEE4900934F09008DAF09008D9F09097
:1098400008D8F09008D7F0302808900945E0FF12BA
:109850004C2F028AC215161718191A1B1C1D1E1F21
:10986000202122232425262728293E68676665644F
:10987000636261605F5E5D5C5B5A59585756555430
:109880002A2B2B2C2D2E2F30313233347D7D0102AB
:10989000030405060708090A0B0C0D0E0F10111220
:1098A000131428535251504F4E4D4C4B4A49484780
:1098B000464544434241403F15161718191A1B1CD0
:1098C0001D1E1F7D7D7D2A2B2C2D2E2F30313233F6
:1098D0003435363738393A3B3C3D3E7D7C7B7A79AE
:1098E0007877767574737271706F6E6D6C6B6A6970
:1098F0003F4041424344454647474645301C1D32A0
:109900004645301C1D324645301C1D324645301C34
:109910001D32317D7D7D7D7D9008C3E592F0E0FFB5
:10992000606330E3105392F7120012E4900935F0AF
:10993000A3F0D22D225392E753929F9008C3E030B8
:10994000E70653927F02B1449008C3E030E403027B
:109950009F749008C3E0FF30E2045392FB22EF3083
:10996000E1065392FD02B0AC9008C3E030E06153D1
:1099700092FEC2544391200000000000005391DF8A
:1099800012B14480269008C4E593F0E0FF604130B6
:10999000E6075393BF439A0122EF30E5045393DF68
:1099A00022EF30E40D5393EF12A3EC5392BF439791
:1099B00001229008C4E0FF30E2045393FB22EF3011
:1099C000E1045393FD22EF30E0065393FE12A8FE0C
:1099D000229008C5E0FEA3E0FF4E70069008D30277
:1099E0009A7CD3EF9408EE9400407B9008D3740ADD
:1099F000F012A20D9008C5E07004A3E06441701756
:109A00009008A6F0A3F09008B4E0F51DE51DB401A0
:109A100004A3E0F51E80089008B2E0FF1241B09068
:109A200008B3E0FF1241B09008B4E0FF1241B090DB
:109A300008B5E0FF1241B09008B6E0FF1241B090C7
:109A400008B7E0FF1241B09008B8E0FF1241B090B3
:109A500008B9E0FF1241B09008C6E024F8F0900881
:109A6000C5E034FFF022E49008D3F012A20D900874
:109A7000B2E0FF1241B0E49008C5F0A3F0539EF0AD
:109A80004397042229292B390000001E14041D00CD
:109A90003A1F1A161B003B20080706003C21150937
:109AA00019003D22170A052C3E231C0B11003F24F0
:109AB000180D100040250C0E36004126120F376598
:109AC000422713333800432D2F348700442E303281
:109AD0006400452A3128000046494C000050474A9E
:109AE0004D005251484B4E00004F00535F5C59628D
:109AF0000054605D5A000055615E5B6300565785F7
:109B00005800020304161718191A2A2B2C2D2E4060
:109B10004142445459696B6E0E0F25243A39161789
:109B200018191A1B1C2B2C2D2E2F40414243445434
:109B3000575869E490086DF090086CF090C8009355
:109B4000FFA3E49390092DF090C802E49390094597
:109B5000F090C803E493F516A3E49390093FF090C6
:109B6000C805E493900920F090C806E493F51AA381
:109B7000E493F519A3E493F518A3E493F51790C8BB
:109B80000BE49390093EF0EF645A602190092D7424
:109B900006F09009457401F075160890093FF0E44D
:109BA000F52090092004F075170412692A12AD4DB2
:109BB000C23790C80AE4936002D237C24290C80C00
:109BC000E4936002D24275150390094274AAF01220
:109BD000A524028CBB9008A8E0541F640260030215
:109BE0009C72539BF0439B029008ACE0FFB4803121
:109BF0009008D47411F0A37408F0E5975402C313CD
:109C0000FE9008D4E475F0011274E885F082F583C3
:109C1000EEF09008D4E0FCA3E0F5828C83E4F080C1
:109C20004DEFB4810E9008D47411F0A37408F05570
:109C30009980139008ACE0B482329008D47411F08B
:109C4000A37408F0559A131313541FFF9008D4E41B
:109C500075F0011274E885F082F583EFF09008D476
:109C6000E0FEA3E0F5828E83E4F080028004439757
:109C7000042212B25A22900871EFF0900873127504
:109C80003B00000001E4900872F090090EE0FEA392
:109C9000E0FFE4FCFD900873A3A3E0FAA3E05FFFFC
:109CA000EA5EFEE4FBFAF9F8C312750B7040900807
:109CB00071E0FF7E0012B1BDAF2F12003A90087222
:109CC000E0F92404F582E43409F583EFF090087399
:109CD000A3A3E0FEA3E0FF90090EE04EF0A3E04F47
:109CE000F0741329F582E43409F583E4F022900836
:109CF00073E0FCA3E0FDA3E0FEA3E0FF7801127592
:109D00001C90087312752F900872E004F0E0C39461
:109D10000A5003029C8A229008AAE0FF701EA3E06A
:109D200064027018A3E07014A3E07010A3E0B40103
:109D30000BA3E070079008D37404803BEF7022906F
:109D400008ABE06402701AA3E064017014A3E07031
:109D500010A3E0B4010BA3E070079008D374068051
:109D6000169008AAE0B40512A3E0B4030DA3E0B472
:109D700001089008D37405F080309008AAE0640AC6
:109D8000702FA3E064037029A3E06401702390089E
:109D9000AEE0B4411CA3E070189008C5F0A3744174
:109DA000F09008D3740AF0539EF05392BF4397018A
:109DB0002212B25A2278FFE4F6D8FD9000007F000C
:109DC0007E10E4F0A3DFFCDEFA75818D029E0A02AC
:109DD0007F70E493A3F8E493A34003F68001F208B4
:109DE000DFF48029E493A3F85407240CC8C333C4D8
:109DF000540F4420C8834004F456800146F6DFE443
:109E0000800B0102040810204080900006E47E01CF
:109E10009360BCA3FF543F30E509541FFEE493A3B5
:109E200060010ECF54C025E060A840B8E493A3FAC7
:109E3000E493A3F8E493A3C8C582C8CAC583CAF053
:109E4000A3C8C582C8CAC583CADFE9DEE780BE00F1
:109E500000000000000000000000010203040506ED
:109E60000708090A0C0E10121416181B1E212427AD
:109E70002A2D3135393D4145494D5155595E63686B
:109E80006D72777C81868C92989EA4AAB0B6BCC273
:109E9000C8CED5DCE3EAF1F8FFFFF8F1EAE3DCD560
:109EA000CEC8C2BCB6B0AAA49E98928C86817C779C
:109EB000726D68635E5955514D4945413D393531A3
:109EC0002D2A2724211E1B18161412100E0C0A0905
:109ED000080706050403020100000000000000005E
:109EE000000000E4FF74302FF974372FF8E6FE67A6
:109EF000600BD239750F0474302FF8A6060FEFB43B
:109F000007E3E4FF743E2FF974632FF8E6FE676001
:109F10000BD23B750F04743E2FF8A6060FEFB4105A
:109F2000E3E4FF74882FF9748A2FF8E6FE67600B6C
:109F3000D23A750F0374882FF8A6060FEFB402E328
:109F4000E50FB402047F0180027F00E50FB4010435
:109F50007E0180027E00EE4F6019200416206413FB
:109F600012B250E50FB40204783C7601D23912B136
:109F70009ED23B229008927466F0A374F9F0C2AFAF
:109F800012A18CD2AFE49008CAF0900892E0FEA330
:109F9000E0FFF5828E83E493FD9008A8E0FCEDB528
:109FA00004258F828E83740193FF9008A9E0FEEF51
:109FB000B50614900892E0FEA3E0F5828E83740249
:109FC000939008CAF0801B900893E02403F0900857
:109FD00092E03400F0C3A3E09438900892E09467D4
:109FE00040A89008CAE075F003A424BAF582E434CE
:109FF00066F583740193FA740293F902759E9008D2
:10A00000DF74AAF0A37403F0A37401F0EFB40A00A4
:10A01000507190A019F828287302A03702A03D02C1
:10A02000A04202A04802A05102A05B02A06502A0CB
:10A030006B02A07602A076E49008E280109008E21D
:10A04000803BE49008E280189008E27401F0A3F0ED
:10A0500022E49008E2F0A37402F0229008E2740176
:10A06000F0A304F022E49008E280059008E2740175
:10A07000F0A37403F0229008E17406F0A37401F0D9
:10A08000E4A3F022E4FF741A2FF582E43407F58389
:10A09000E4F0749C2FF582E43406F583E4F0741E3A
:10A0A0002FF582E43406F583E4F00FEFB47ED7C2D7
:10A0B0001BC231C21CC225C224C21DC216C22BC281
:10A0C00030C22AC222C226C218C217C21FC228C268
:10A0D00033C229C211C21012A524C223C213C21254
:10A0E000E4900921F0A3F0900943F090094274AA8A
:10A0F000F0E4900944F0C265C21ED255C227C2588E
:10A10000C257C256C214D255229008C1E0FEA3E045
:10A11000FF4E700A9008D37402F0539BF022D3EFE5
:10A120009408EE940040259008D37401F09008C282
:10A13000E024F8F09008C1E034FF12A6E49008C9CA
:10A14000E02408F09008C8E0340080199008C1E0CD
:10A150007004A3E064089008D370120412A6E4E42B
:10A160009008C1F0A3F0539BF0439B08227402F0C7
:10A170009008C8E0FEA3E0FF9008C1A3E0FD12A68E
:10A18000EF539BF09008C1A3E0429B229008D47447
:10A1900011F0A3E4F09008D4E0FEA3E0FFF5828E76
:10A1A00083E09008A8F08F828E83A3E09008A9F046
:10A1B0009008D4A3E0F5828E83A3A3E09008AAF0D0
:10A1C0008F828E83A3A3A3E09008ABF09008D4A362
:10A1D000E02404F582E43EF583E09008ACF0EF243F
:10A1E00005F582E43EF583E09008ADF09008D4A335
:10A1F000E02406F582E43EF583E09008AEF0EF241B
:10A2000007F582E43EF583E09008AFF0229008D491
:10A210007411F0A3E4F09008D4E0FEA3E0FFF5820F
:10A220008E83E09008B2F08F828E83A3E09008B313
:10A23000F09008D4A3E0F5828E83A3A3E09008B445
:10A24000F08F828E83A3A3A3E09008B5F09008D48A
:10A25000A3E02404F582E43EF583E09008B6F0EF35
:10A260002405F582E43EF583E09008B7F09008D429
:10A27000A3E02406F582E43EF583E09008B8F0EF11
:10A280002407F582E43EF583E09008B9F02222210C
:10A29000201F1E1D1C1B1A19181716152A3F54695A
:10A2A0006A6B6C6D6E6F70717273747576614C371A
:10A2B000363534333231302F2E2D2C2B4055565716
:10A2C00058595A5B5C5D5E5F604B363534333231D2
:10A2D000302F2E2D2C4142434445464748494A35AC
:10A2E000343332317D7D7D7D7D7D7D4645301C1D45
:10A2F000324645301C1D324645301C1D3246453025
:10A300001C1D32317D7D7D7D7DEF14602614603D06
:10A3100014605224037064E490061DF090061CE063
:10A3200004F0E4900798F090061CE0D394FE404BB4
:10A330000F804890061DE004F090061CE014F0E445
:10A34000900798F090061CE070310F802EE4900684
:10A350001CF0A3E014F0900798E004F090061DE0D4
:10A3600070190F8016E490061DF090061CE004F0B2
:10A37000900798E014F0E070027F01229008D0E08E
:10A3800070399008CFE070339008CDE0702DA3E0D5
:10A39000640270279008AEE0FF7020539BF0EF42FC
:10A3A0009B9008D47411F0A37408F09008D4E0FED8
:10A3B000A3E0F5828E83E51FF080299008AAE0646F
:10A3C0000A7025A3E06403701FA3E0B4011A90088B
:10A3D000AEE0B44113A3E0700F9008C1F0A3744144
:10A3E000F01280B34397042212B25A229008D3E0AD
:10A3F000FFB40419E4F0A37411F0A3E4F09008D4BE
:10A40000E0FCA3E0F5828C83E0F51F8046EFB40604
:10A4100007E49008D3F0803B9008D3E0B40A06E448
:10A42000F5B10299D19008D3E064057021F0A374CE
:10A4300011F0A3E4F09008D4E0FEA3E0FFF5828ED3
:10A4400083E0B40514A3E0248B700E02B219E490EB
:10A4500008D3F0539BF043970422C0E0C0D0C086DD
:10A46000C0A7051CE51CC394104005751C00D25004
:10A47000051BE51BC394084007751B00D24F8005E0
:10A48000E51BB40406D24ED24D800DE51B6402607C
:10A4900005E51BB40602D24DD24C050BE50B70024C
:10A4A000050AD394E8E50A9403400E750A00750B7B
:10A4B000000511E51170020510C2CFD0A7D086D0DB
:10A4C000D0D0E032301F5C900943E004F0E5152461
:10A4D00004FFE433FEE0D39FEE6480F8748098407C
:10A4E00042E4F030553D900921E0FEA3E024F1F56F
:10A4F0008274823EF583E493FF7E0012AB9990094B
:10A5000022E004F07006900921E004F0D3900922C3
:10A51000E09446900921E094004008E4F0A3F0C2E2
:10A5200056D25522E4FBEBB43F04646A604FEBFD66
:10A530007C00E4FF12959775F002EBA42415F582D8
:10A54000E5F03400F583E4F0A3EFF07F0112959776
:10A5500075F002EBA42411F582E5F03401F583E4F3
:10A56000F0A3EFF07F0212959775F002EBA4240D93
:10A57000F582E5F03402F583E4F0A3EFF00BEBB4E1
:10A580007EA42275E13475E23F75E33F75E43F75C3
:10A59000E5FD75E68775E7FF75D15075E9E075EA69
:10A5A0003F75EB3F75EC3F75ED6D75EEFF75EFFF99
:10A5B00075D9DF758024E4F590F598F5A075B0FDA8
:10A5C00075888775C0FF75F810758C05F5A5758CB5
:10A5D00045F5A6758C85F5BB758CC5F58D2212B138
:10A5E0009ED23912B250D23B1291081288BEE4F5C5
:10A5F00010F511F50AF50B7FE87EFD12ADDEE4F5EE
:10A6000010F511F50AF50B12B19ED23912B13012C4
:10A6100079FD128AC27FE87EFD12ADDE12B250D201
:10A620003B12B1301279FD128AC27FE87EFD12AD75
:10A63000DE7F507EC302ADDEE490086FF0A3F090A1
:10A64000061574C6F0A3E4F0FFFE900616E02FFD99
:10A65000900615E03E8D82F583E493600E900870BD
:10A66000E004F0700690086FE004F00FBF00010EE8
:10A67000BE01D7BFF8D4303E07E490086FF0A3F0D6
:10A6800090061574C6F0A3E4F0303E0312692A2246
:10A690009008D37402F09008A8E0541F7042539BB6
:10A6A000F0439B029008D47411F0A37408F0900852
:10A6B000D4E475F00130510D1274E885F082F58311
:10A6C0007402F0800A1274E885F082F583E4F09059
:10A6D00008D4E0FEA3E0F5828E83E4F043970422E1
:10A6E00012B25A22F09008C8E0FEA3E0FF7D089065
:10A6F0000894EEF0A3EFF09008D47411F0A374085E
:10A70000F0E4FFEFC39D502F900894E0FAA3E0F52A
:10A71000828A83E493FE9008D4E0FAA3E02FF582C6
:10A72000E43AF583EEF0900895E004F070069008A6
:10A7300094E004F00F80CC22900873E0FEA3E0FFC9
:10A74000E4FDAB07AA06C3EA94BC4039D3EB9400FE
:10A75000EA94D05030C2AFE4F5B1EAF5F7AF038F19
:10A76000FBAF058FFC75F26E75F30575F40A75F590
:10A770000975F60600000000E4F5F2F5F3F5F4F5CE
:10A78000F5F5F6D2AF229009371275A47810EC4D8A
:10A790004E4F70047CA57DA5C3EC13FCED13FDEEBC
:10A7A00013FEEF13FF5010EC64CCFCED644CFDEE97
:10A7B000644EFEEF64CEFFD8DF90093712752FEE9E
:10A7C000547FFE22900937EEF0EFA3F0A374A5F0BA
:10A7D000A3F022E49008DDF09008DF74AAF0A374DF
:10A7E0001DF0A37408F0A37401F0A3740CF0A3741B
:10A7F00052F0A3744BF0A37436F0A37431F0A37439
:10A8000050F0A3746CF0A37475F0A37473F0A37488
:10A8100033F0A3742EF0A37430F0A37420F02290D0
:10A8200008A8E0541F6401703D9008ACE0FF60048C
:10A8300064017032539BF0439B029008D47411F072
:10A84000A37408F09008D4E475F0011274E885F060
:10A8500082F583E4F09008D4E0FEA3E0F5828E83D5
:10A86000E4F04397042212B25A22E49008DDF090FB
:10A8700008DF74AAF0A3741DF0A37408F0E4A3F039
:10A88000A3740CF0A37452F0A3744BF0A37436F0CD
:10A89000A37431F0A37450F0A3746CF0A37475F03A
:10A8A000A37473F0A37435F0A3742EF0A37430F086
:10A8B000A37420F022E50875F004A4FFAEF0E42FA5
:10A8C000F58274C63EF583E493900878F074012F06
:10A8D000F58274C63EF583E493900879F074022FF4
:10A8E000F58274C63EF583E49390087AF074032FE2
:10A8F000F58274C63EF583E49390087BF0229008BD
:10A90000D3E0B401153053051280B3800312A109BE
:10A910004397045392BF439701229008D3E0B402B7
:10A920000A5392BF439701439708224397085392D3
:10A93000BF4397019008A8E07009A3E0B40504A301
:10A94000E0F5962290085AE0FF90085FE0FE6F6005
:10A9500008D23990085AEEF022E4FF74172FF582DE
:10A96000E43408F583E0FE742B2FF582E43408F517
:10A9700083E0FD6E600ED26674172FF582E4340812
:10A98000F583EDF00FEFB410D2229008D47411F0DB
:10A99000A37408F09008ACE0FF70149008BBE0FED0
:10A9A0009008D4E0FCA3E0F5828C83EEF08016EFF3
:10A9B000B401129008BDE0FF9008D4E0FCA3E0F5DC
:10A9C000828C83EFF0539BF0759B01439704227FA9
:10A9D0005E12A9DD0F12A9DD0F12A9DD0FEFC394DE
:10A9E0005E4030EFD39467502AE4F5B1C2AFEF2553
:10A9F000E0F5F775F2E675F30575F40A75F5097576
:10AA0000F60600000000E4F5F2F5F3F5F4F5F5F5CF
:10AA1000F6D2AF2290086CEFF012B13012004190E4
:10AA2000086CE024FE601014601314601624037098
:10AA300019D2007F018010D2017F03800AD2027FE9
:10AA4000058004D2037F07129FFE128AC2302808B5
:10AA5000900945E0FF124C2F22C0E0C0F0C083C037
:10AA600082C0D075D000C000C001C002C003C004C5
:10AA7000C005C006C007C086C0A7124FCCD0A7D063
:10AA800086D007D006D005D004D003D002D001D0A4
:10AA900000D0D0D082D083D0F0D0E032C0E0C0F07F
:10AAA000C083C082C0D075D000C000C001C002C049
:10AAB00003C004C005C006C007C086C0A71299180D
:10AAC000D0A7D086D007D006D005D004D003D002BE
:10AAD000D001D000D0D0D082D083D0F0D0E032905E
:10AAE00008DF74AAF0A37403F0A3F0EF146013144A
:10AAF000601714601B14601F24047021E49008E2A6
:10AB0000F0229008E27401F0229008E27402F02230
:10AB10009008E27403F0229008E27404F022A22864
:10AB200072315037900942E0B4AA08303105E4F0A0
:10AB300012B0477F2B120BE47F2C120BE47F2D12F7
:10AB40000BE47F34120BE47F6E120BE47F3F120B99
:10AB5000E47F6A120BE47F76120BE422900877EF11
:10AB6000F0D2B7E4A3F0C2B77F027E0012ADDE9050
:10AB70000877E030E704D2848002C284D2B77F0233
:10AB80007E0012ADDE900877E025E0F0A3E004F04F
:10AB9000E0C3940840D0D28422900872EEF0A3EF74
:10ABA000F0E516B40815900872E0FEA3E0FF643FDC
:10ABB0004E701BEF646A4E60188013900872E0FEBE
:10ABC000A3E0FF643F4E7006EF646A4E6003123CE0
:10ABD0004F227853E630E32A30382730632B900930
:10ABE00046E004F0E0D394FA401FC263E4F0900919
:10ABF0002DF0128CBB12B1307F0312AADFD200D22B
:10AC00006422E4900946F0D26322E49008D3F090E5
:10AC100008A8E0541F640270249008ACE0FF70089C
:10AC20005397F75397FD8015EFB481055399F7803B
:10AC30000CEFB48205539AF7800302B25A12B26144
:10AC400022EF90938093788BF6D3942A5005187650
:10AC5000028018788BE6FFD39494500BEFC3948353
:10AC600040051876018004E4788AF6788BE6B4987B
:10AC7000069009417402F02212A08412A638C2374D
:10AC8000E490093EF090092D7406F0900945740196
:10AC9000F0751608C241C240D242751705751502FB
:10ACA00090093FF012B202128CBBC23E02AD1A787C
:10ACB00038E6B4B003E4F6227839E6B4B003E4F63B
:10ACC00022783AE6B4B003E4F622783BE6B4B00367
:10ACD000E4F622783CE6B4B003E4F622783DE6B42C
:10ACE000B002E4F622205D3120042E20642B90096E
:10ACF00001E004F0E0C3940A401FE4900901F0D29F
:10AD00005D9008FFF0A3F09008DDF0FF12B07D1217
:10AD10008AC2D25FE49008D6F02290FF8074CAF015
:10AD2000A37408F0A3F0A3F0A3F0A3F0A3748AF037
:10AD3000A37408F0A3F0A3F0A3F0A3F0A3748AF027
:10AD4000A37408F0A3F0A3F0A3F0A3F0227FA87EE1
:10AD5000DE12ADDE12A86AD25D128AC2E4F5B17FBE
:10AD6000A87EDE12ADDEE4F5B112A7D3D25D128A61
:10AD7000C2E4F5B17FA87EDE12ADDEE4F5B122E4D7
:10AD80009008D3F09008A8E0541FFFBF021B900862
:10AD9000ACE0FFB481054399088011EFB48205430C
:10ADA0009A08800812B25A800302B25A12B2612283
:10ADB000E49008D3F0E596601B9008AAE0FF6003DA
:10ADC000B4010F9008BCEFF0D254539BF0439704AA
:10ADD0008005800012B25A12B26143A80122E4FD3C
:10ADE000FCC3ED9FEC9E5021E4F5B1000000000093
:10ADF0000000000000000000000000000000000053
:10AE000000000DBD00010C80D822E49008D3F09022
:10AE100008AAE0FF70089008ACE07002800AEF70AA
:10AE2000119008ACE0B4010A539BF0439704439798
:10AE3000022212B25A22E4F50E7E017D0174372DF2
:10AE4000F9E7B50708EE4209750EFF8009EE25E027
:10AE5000FE0DEDB407E7303408E50EF46003750E1F
:10AE6000AA2212B22FD25DE49008FFF0A3F090085E
:10AE7000DDF09008DF74AAF0A37403F0A3740CF063
:10AE8000E4A3F0A3F0128AC2E49008DEF02290FF5F
:10AE9000817412F0A3F0A3F0A3F0A3F0A3F0A3F049
:10AEA000A3F0A3F0A3F0A3F0A3F0A3F0A3F0A3F00A
:10AEB000A3F0A3F090FF80F0229008D37402F05327
:10AEC0009BF0759B01A37411F0A37408F09008BC6B
:10AED000E0FF9008D4E0FCA3E0F5828C83EFF04320
:10AEE000970422000102030405060708090A0B0C57
:10AEF0000D0E0F101112131414131211100F0E0D4A
:10AF00000C0B0A0908070605040302010012000ED3
:10AF100012AFE9E4F5B17FFAFE12ADDEE4F5B1124D
:10AF2000A58312B10812B28812B18E12B28E12B17C
:10AF30004402B0969008D47411F0A37408F09008FD
:10AF4000C7E0FF9008D4E0FCA3E0F5828C83EFF02B
:10AF5000539BF0759B01439704229008D37402F031
:10AF6000539BF0759B01A37411F0A37408F0900833
:10AF7000D4E0FEA3E0F5828E83E4F04397042290B0
:10AF800008ACE0FF700A9008AAE09008BBF0800CC3
:10AF9000EFB401089008AAE09008BDF0539BF0437D
:10AFA00097042200152A3F546969543F2A1500006E
:10AFB000152A3F546969543F2A150000152A3F5449
:10AFC0006969543F2A1500E4FEEFB481030E801630
:10AFD000EFB482047E02800EEFB48304E4FE8006A8
:10AFE000EFB480027E03AF0622E4F5B175B2087FAC
:10AFF0005E7E0112ADDE75BC027F157E0212ADDEF3
:10B00000E4F5B175BC0375B20C22E517C394055085
:10B01000100517302808900945E0FF124C2F120048
:10B020003EE517B40502D23D22E517D39400401047
:10B030001517302808900945E0FF124C2F12003EEA
:10B04000E5177002D23D22E4900893F0900893E057
:10B05000FFC3947E500B123C4F900893E004F080A5
:10B06000EB227E017D0174372DF8E67006A607EE0F
:10B07000420922EE25E0FE0DEDB407EA2290086CAD
:10B08000EFF09008DF74AAF0A37403F0A3740AF041
:10B09000E4A3F0A3F02243A80175A901E4F5BAF5F1
:10B0A000B6F5B4F5B875B50275B902229008BAE0E4
:10B0B000D394C84003D252223054069008BAE00418
:10B0C000F022900320E0600F305A0C14F0E070077B
:10B0D000C25AC25C128CBB22E52E6006152E7F057B
:10B0E0008008E52D6007152D7F0612AC4122000077
:10B0F0000000000000000000000000000000000050
:10B100000000000000000000E4F5C8F5C975CA2F72
:10B1100075CBF875CC2F75CDF8D2CA22AD07AFCC60
:10B12000EFFEACCDECFBEB2DFFE43EFE12A786223A
:10B1300012B23A12B22FD25DE49008FFF0A3F09061
:10B1400008DDF022E4F59675945F7595117591C050
:10B150009008BAF0A3F0229008ABE09008BEF090FF
:10B1600008C7F0539BF043970422E49008D3F09073
:10B1700008A8E0541F7002C25102B261E49008D3E3
:10B18000F09008A8E0541F7002D25102B261E4F5B9
:10B1900087F5D8F5ADF5AEF5AFF5ABF5AC227F1080
:10B1A0007863E4F608DFFCE4788AF608F622E49097
:10B1B00008D3F0539BF04397024397042274022F65
:10B1C000F58274933EF583E493F52F22EF75F00634
:10B1D00084AFF0EF9092EA93FF2274022FF582740D
:10B1E000933EF583E493FF227401A807088002C30D
:10B1F00033D8FCFF22438608EF8EF18DF084AEF148
:10B20000FF227F6512A9D512A9CF0F02A9DDEF7524
:10B21000F006849092D593FF22C2AF75F0A5745AC0
:10B2200002FF00227F1090082BE4F0A3DFFC227FB6
:10B23000209008DFE4F0A3DFFC22C200C201C202BA
:10B24000C203C204225386F3EF8DF0A4AEF0FF22B6
:10B250007F077837E4F608DFFC224397084397021C
:10B2600022539BF043970422EF9092BF93FF22EF6B
:10B27000909E4F93FF2275E800D24B3253B6FDD219
:10B280004B3253B6FED24B32E4F5A2F5A122E4F5DF
:10B29000B3F589220000000000000000000000005B
:10B2A000000000000000000000000000000000009E
:10B2B000000000000000000000000000000000008E
:10B2C000000000000000000000000000000000007E
:10B2D000000000000000000000000000000000006E
:10B2E000000000000000000000000000000000005E
:10B2F000000000000000000000000000000000004E
:10B30000000000000000000000000000000000003D
:10B31000000000000000000000000000000000002D
:10B32000000000000000000000000000000000001D
:10B33000000000000000000000000000000000000D
:10B3400000000000000000000000000000000000FD
:10B3500000000000000000000000000000000000ED
:10B3600000000000000000000000000000000000DD
:10B3700000000000000000000000000000000000CD
:10B3800000000000000000000000000000000000BD
:10B3900000000000000000000000000000000000AD
:10B3A000000000000000000000000000000000009D
:10B3B000000000000000000000000000000000008D
:10B3C000000000000000000000000000000000007D
:10B3D000000000000000000000000000000000006D
:10B3E000000000000000000000000000000000005D
:10B3F000000000000000000000000000000000004D
:10B40000000000000000000000000000000000003C
:10B41000000000000000000000000000000000002C
:10B42000000000000000000000000000000000001C
:10B43000000000000000000000000000000000000C
:10B4400000000000000000000000000000000000FC
:10B4500000000000000000000000000000000000EC
:10B4600000000000000000000000000000000000DC
:10B4700000000000000000000000000000000000CC
:10B4800000000000000000000000000000000000BC
:10B4900000000000000000000000000000000000AC
:10B4A000000000000000000000000000000000009C
:10B4B000000000000000000000000000000000008C
:10B4C000000000000000000000000000000000007C
:10B4D000000000000000000000000000000000006C
:10B4E000000000000000000000000000000000005C
:10B4F000000000000000000000000000000000004C
:10B50000000000000000000000000000000000003B
:10B51000000000000000000000000000000000002B
:10B52000000000000000000000000000000000001B
:10B53000000000000000000000000000000000000B
:10B5400000000000000000000000000000000000FB
:10B5500000000000000000000000000000000000EB
:10B5600000000000000000000000000000000000DB
:10B5700000000000000000000000000000000000CB
:10B5800000000000000000000000000000000000BB
:10B5900000000000000000000000000000000000AB
:10B5A000000000000000000000000000000000009B
:10B5B000000000000000000000000000000000008B
:10B5C000000000000000000000000000000000007B
:10B5D000000000000000000000000000000000006B
:10B5E000000000000000000000000000000000005B
:10B5F000000000000000000000000000000000004B
:10B60000000000000000000000000000000000003A
:10B61000000000000000000000000000000000002A
:10B62000000000000000000000000000000000001A
:10B63000000000000000000000000000000000000A
:10B6400000000000000000000000000000000000FA
:10B6500000000000000000000000000000000000EA
:10B6600000000000000000000000000000000000DA
:10B6700000000000000000000000000000000000CA
:10B6800000000000000000000000000000000000BA
:10B6900000000000000000000000000000000000AA
:10B6A000000000000000000000000000000000009A
:10B6B000000000000000000000000000000000008A
:10B6C000000000000000000000000000000000007A
:10B6D000000000000000000000000000000000006A
:10B6E000000000000000000000000000000000005A
:10B6F000000000000000000000000000000000004A
:10B700000000000000000000000000000000000039
:10B710000000000000000000000000000000000029
:10B720000000000000000000000000000000000019
:10B730000000000000000000000000000000000009
:10B7400000000000000000000000000000000000F9
:10B7500000000000000000000000000000000000E9
:10B7600000000000000000000000000000000000D9
:10B7700000000000000000000000000000000000C9
:10B7800000000000000000000000000000000000B9
:10B7900000000000000000000000000000000000A9
:10B7A0000000000000000000000000000000000099
:10B7B0000000000000000000000000000000000089
:10B7C0000000000000000000000000000000000079
:10B7D0000000000000000000000000000000000069
:10B7E0000000000000000000000000000000000059
:10B7F0000000000000000000000000000000000049
:10B800000000000000000000000000000000000038
:10B810000000000000000000000000000000000028
:10B820000000000000000000000000000000000018
:10B830000000000000000000000000000000000008
:10B8400000000000000000000000000000000000F8
:10B8500000000000000000000000000000000000E8
:10B8600000000000000000000000000000000000D8
:10B8700000000000000000000000000000000000C8
:10B8800000000000000000000000000000000000B8
:10B8900000000000000000000000000000000000A8
:10B8A0000000000000000000000000000000000098
:10B8B0000000000000000000000000000000000088
:10B8C0000000000000000000000000000000000078
:10B8D0000000000000000000000000000000000068
:10B8E0000000000000000000000000000000000058
:10B8F0000000000000000000000000000000000048
:10B900000000000000000000000000000000000037
:10B910000000000000000000000000000000000027
:10B920000000000000000000000000000000000017
:10B930000000000000000000000000000000000007
:10B9400000000000000000000000000000000000F7
:10B9500000000000000000000000000000000000E7
:10B9600000000000000000000000000000000000D7
:10B9700000000000000000000000000000000000C7
:10B9800000000000000000000000000000000000B7
:10B9900000000000000000000000000000000000A7
:10B9A0000000000000000000000000000000000097
:10B9B0000000000000000000000000000000000087
:10B9C0000000000000000000000000000000000077
:10B9D0000000000000000000000000000000000067
:10B9E0000000000000000000000000000000000057
:10B9F0000000000000000000000000000000000047
:10BA00000000000000000000000000000000000036
:10BA10000000000000000000000000000000000026
:10BA20000000000000000000000000000000000016
:10BA30000000000000000000000000000000000006
:10BA400000000000000000000000000000000000F6
:10BA500000000000000000000000000000000000E6
:10BA600000000000000000000000000000000000D6
:10BA700000000000000000000000000000000000C6
:10BA800000000000000000000000000000000000B6
:10BA900000000000000000000000000000000000A6
:10BAA0000000000000000000000000000000000096
:10BAB0000000000000000000000000000000000086
:10BAC0000000000000000000000000000000000076
:10BAD0000000000000000000000000000000000066
:10BAE0000000000000000000000000000000000056
:10BAF0000000000000000000000000000000000046
:10BB00000000000000000000000000000000000035
:10BB10000000000000000000000000000000000025
:10BB20000000000000000000000000000000000015
:10BB30000000000000000000000000000000000005
:10BB400000000000000000000000000000000000F5
:10BB500000000000000000000000000000000000E5
:10BB600000000000000000000000000000000000D5
:10BB700000000000000000000000000000000000C5
:10BB800000000000000000000000000000000000B5
:10BB900000000000000000000000000000000000A5
:10BBA0000000000000000000000000000000000095
:10BBB0000000000000000000000000000000000085
:10BBC0000000000000000000000000000000000075
:10BBD0000000000000000000000000000000000065
:10BBE0000000000000000000000000000000000055
:10BBF0000000000000000000000000000000000045
:10BC00000000000000000000000000000000000034
:10BC10000000000000000000000000000000000024
:10BC20000000000000000000000000000000000014
:10BC30000000000000000000000000000000000004
:10BC400000000000000000000000000000000000F4
:10BC500000000000000000000000000000000000E4
:10BC600000000000000000000000000000000000D4
:10BC700000000000000000000000000000000000C4
:10BC800000000000000000000000000000000000B4
:10BC900000000000000000000000000000000000A4
:10BCA0000000000000000000000000000000000094
:10BCB0000000000000000000000000000000000084
:10BCC0000000000000000000000000000000000074
:10BCD0000000000000000000000000000000000064
:10BCE0000000000000000000000000000000000054
:10BCF0000000000000000000000000000000000044
:10BD00000000000000000000000000000000000033
:10BD10000000000000000000000000000000000023
:10BD20000000000000000000000000000000000013
:10BD30000000000000000000000000000000000003
:10BD400000000000000000000000000000000000F3
:10BD500000000000000000000000000000000000E3
:10BD600000000000000000000000000000000000D3
:10BD700000000000000000000000000000000000C3
:10BD800000000000000000000000000000000000B3
:10BD900000000000000000000000000000000000A3
:10BDA0000000000000000000000000000000000093
:10BDB0000000000000000000000000000000000083
:10BDC0000000000000000000000000000000000073
:10BDD0000000000000000000000000000000000063
:10BDE0000000000000000000000000000000000053
:10BDF0000000000000000000000000000000000043
:10BE00000000000000000000000000000000000032
:10BE10000000000000000000000000000000000022
:10BE20000000000000000000000000000000000012
:10BE30000000000000000000000000000000000002
:10BE400000000000000000000000000000000000F2
:10BE500000000000000000000000000000000000E2
:10BE600000000000000000000000000000000000D2
:10BE700000000000000000000000000000000000C2
:10BE800000000000000000000000000000000000B2
:10BE900000000000000000000000000000000000A2
:10BEA0000000000000000000000000000000000092
:10BEB0000000000000000000000000000000000082
:10BEC0000000000000000000000000000000000072
:10BED0000000000000000000000000000000000062
:10BEE0000000000000000000000000000000000052
:10BEF0000000000000000000000000000000000042
:10BF00000000000000000000000000000000000031
:10BF10000000000000000000000000000000000021
:10BF20000000000000000000000000000000000011
:10BF30000000000000000000000000000000000001
:10BF400000000000000000000000000000000000F1
:10BF500000000000000000000000000000000000E1
:10BF600000000000000000000000000000000000D1
:10BF700000000000000000000000000000000000C1
:10BF800000000000000000000000000000000000B1
:10BF900000000000000000000000000000000000A1
:10BFA0000000000000000000000000000000000091
:10BFB0000000000000000000000000000000000081
:10BFC0000000000000000000000000000000000071
:10BFD0000000000000000000000000000000000061
:10BFE0000000000000000000000000000000000051
:10BFF0000000000000000000000000000000000041
:10C000000000000000000000000000000000000030
:10C010000000000000000000000000000000000020
:10C020000000000000000000000000000000000010
:10C030000000000000000000000000000000000000
:10C0400000000000000000000000000000000000F0
:10C0500000000000000000000000000000000000E0
:10C0600000000000000000000000000000000000D0
:10C0700000000000000000000000000000000000C0
:10C0800000000000000000000000000000000000B0
:10C0900000000000000000000000000000000000A0
:10C0A0000000000000000000000000000000000090
:10C0B0000000000000000000000000000000000080
:10C0C0000000000000000000000000000000000070
:10C0D0000000000000000000000000000000000060
:10C0E0000000000000000000000000000000000050
:10C0F0000000000000000000000000000000000040
:10C10000000000000000000000000000000000002F
:10C11000000000000000000000000000000000001F
:10C12000000000000000000000000000000000000F
:10C1300000000000000000000000000000000000FF
:10C1400000000000000000000000000000000000EF
:10C1500000000000000000000000000000000000DF
:10C1600000000000000000000000000000000000CF
:10C1700000000000000000000000000000000000BF
:10C1800000000000000000000000000000000000AF
:10C19000000000000000000000000000000000009F
:10C1A000000000000000000000000000000000008F
:10C1B000000000000000000000000000000000007F
:10C1C000000000000000000000000000000000006F
:10C1D000000000000000000000000000000000005F
:10C1E000000000000000000000000000000000004F
:10C1F000000000000000000000000000000000003F
:10C20000000000000000000000000000000000002E
:10C21000000000000000000000000000000000001E
:10C22000000000000000000000000000000000000E
:10C2300000000000000000000000000000000000FE
:10C2400000000000000000000000000000000000EE
:10C2500000000000000000000000000000000000DE
:10C2600000000000000000000000000000000000CE
:10C2700000000000000000000000000000000000BE
:10C2800000000000000000000000000000000000AE
:10C29000000000000000000000000000000000009E
:10C2A000000000000000000000000000000000008E
:10C2B000000000000000000000000000000000007E
:10C2C000000000000000000000000000000000006E
:10C2D000000000000000000000000000000000005E
:10C2E000000000000000000000000000000000004E
:10C2F000000000000000000000000000000000003E
:10C30000000000000000000000000000000000002D
:10C31000000000000000000000000000000000001D
:10C32000000000000000000000000000000000000D
:10C3300000000000000000000000000000000000FD
:10C3400000000000000000000000000000000000ED
:10C3500000000000000000000000000000000000DD
:10C3600000000000000000000000000000000000CD
:10C3700000000000000000000000000000000000BD
:10C3800000000000000000000000000000000000AD
:10C39000000000000000000000000000000000009D
:10C3A000000000000000000000000000000000008D
:10C3B000000000000000000000000000000000007D
:10C3C000000000000000000000000000000000006D
:10C3D000000000000000000000000000000000005D
:10C3E000000000000000000000000000000000004D
:10C3F000000000000000000000000000000000003D
:10C40000000000000000000000000000000000002C
:10C41000000000000000000000000000000000001C
:10C42000000000000000000000000000000000000C
:10C4300000000000000000000000000000000000FC
:10C4400000000000000000000000000000000000EC
:10C4500000000000000000000000000000000000DC
:10C4600000000000000000000000000000000000CC
:10C4700000000000000000000000000000000000BC
:10C4800000000000000000000000000000000000AC
:10C49000000000000000000000000000000000009C
:10C4A000000000000000000000000000000000008C
:10C4B000000000000000000000000000000000007C
:10C4C000000000000000000000000000000000006C
:10C4D000000000000000000000000000000000005C
:10C4E000000000000000000000000000000000004C
:10C4F000000000000000000000000000000000003C
:10C50000000000000000000000000000000000002B
:10C51000000000000000000000000000000000001B
:10C52000000000000000000000000000000000000B
:10C5300000000000000000000000000000000000FB
:10C5400000000000000000000000000000000000EB
:10C5500000000000000000000000000000000000DB
:10C5600000000000000000000000000000000000CB
:10C5700000000000000000000000000000000000BB
:10C5800000000000000000000000000000000000AB
:10C59000000000000000000000000000000000009B
:10C5A000000000000000000000000000000000008B
:10C5B000000000000000000000000000000000007B
:10C5C000000000000000000000000000000000006B
:10C5D000000000000000000000000000000000005B
:10C5E000000000000000000000000000000000004B
:10C5F000000000000000000000000000000000003B
:10C60000000029000000290000002B000000390074
:10C6100000020000000100000000000000001E00F9
:10C62000000014000000040000001D0000080000CD
:10C6300000003A0000001F0000001A000000160071
:10C6400000001B000004000000003B000000200070
:10C6500000000800000007000000060000000000C5
:10C6600000003C000000210000001500000009004F
:10C67000000019000000000000003D000000220042
:10C680000000170000000A000000050000002C0058
:10C6900000003E000000230000001C0000000B0012
:10C6A000000011000000000000003F000000240016
:10C6B0000000180000000D00000010000000000045
:10C6C000000040000000250000000C0000000E00EB
:10C6D000000036000040000000004100000026007D
:10C6E0000000120000000F0000003700000065008D
:10C6F000000042000000270000001300000033008B
:10C7000000003800001000000000430000002D0071
:10C7100000002F000000340000008700000000002F
:10C720000000440000002E00000030000000320035
:10C7300000006400000000000000450000002A0026
:10C740000000310000002800002000000000000070
:10C75000000046000000490000004C0000000000FE
:10C7600000000000000050000000470000004A00E8
:10C7700000004D00000000000000520000005100C9
:10C780000000480000004B0000004E0000000000C8
:10C790000000000000004F000000000000005300F7
:10C7A00000005F0000005C00000059000000620013
:10C7B00000000000000054000000600000005D0068
:10C7C00000005A00000000000000000000005500BA
:10C7D0000000610000005E0000005B0000006300DC
:10C7E0000000000000005600000057000000850017
:10C7F00000005800000000000000000000000000E1
:10C800005A01010005020000FF05000000000000C1
:10C810000000000000000000000000000000000018
:10C820000000000000000000000000000000000008
:10C8300000000000000000000000000000000000F8
:10C8400000000000000000000000000000000000E8
:10C8500000000000000000000000000000000000D8
:10C8600000000000000000000000000000000000C8
:10C8700000000000000000000000000000000000B8
:10C8800000000000000000000000000000000000A8
:10C890000000000000000000000000000000000098
:10C8A0000000000000000000000000000000000088
:10C8B0000000000000000000000000000000000078
:10C8C0000000000000000000000000000000000068
:10C8D0000000000000000000000000000000000058
:10C8E0000000000000000000000000000000000048
:10C8F0000000000000000000000000000000000038
:10C900000000000000000000000000000000000027
:10C910000000000000000000000000000000000017
:10C920000000000000000000000000000000000007
:10C9300000000000000000000000000000000000F7
:10C9400000000000000000000000000000000000E7
:10C9500000000000000000000000000000000000D7
:10C9600000000000000000000000000000000000C7
:10C9700000000000000000000000000000000000B7
:10C9800000000000000000000000000000000000A7
:10C990000000000000000000000000000000000097
:10C9A0000000000000000000000000000000000087
:10C9B0000000000000000000000000000000000077
:10C9C0000000000000000000000000000000000067
:10C9D0000000000000000000000000000000000057
:10C9E0000000000000000000000000000000000047
:10C9F0000000000000000000000000000000000037
:10CA00000000000000000000000000000000000026
:10CA10000000000000000000000000000000000016
:10CA20000000000000000000000000000000000006
:10CA300000000000000000000000000000000000F6
:10CA400000000000000000000000000000000000E6
:10CA500000000000000000000000000000000000D6
:10CA600000000000000000000000000000000000C6
:10CA700000000000000000000000000000000000B6
:10CA800000000000000000000000000000000000A6
:10CA90000000000000000000000000000000000096
:10CAA0000000000000000000000000000000000086
:10CAB0000000000000000000000000000000000076
:10CAC0000000000000000000000000000000000066
:10CAD0000000000000000000000000000000000056
:10CAE0000000000000000000000000000000000046
:10CAF0000000000000000000000000000000000036
:10CB00000000000000000000000000000000000025
:10CB10000000000000000000000000000000000015
:10CB20000000000000000000000000000000000005
:10CB300000000000000000000000000000000000F5
:10CB400000000000000000000000000000000000E5
:10CB500000000000000000000000000000000000D5
:10CB600000000000000000000000000000000000C5
:10CB700000000000000000000000000000000000B5
:10CB800000000000000000000000000000000000A5
:10CB90000000000000000000000000000000000095
:10CBA0000000000000000000000000000000000085
:10CBB0000000000000000000000000000000000075
:10CBC0000000000000000000000000000000000065
:10CBD0000000000000000000000000000000000055
:10CBE0000000000000000000000000000000000045
:10CBF0000000000000000000000000000000000035
:10CC00000000000000000000000000000000000024
:10CC10000000000000000000000000000000000014
:10CC20000000000000000000000000000000000004
:10CC300000000000000000000000000000000000F4
:10CC400000000000000000000000000000000000E4
:10CC500000000000000000000000000000000000D4
:10CC600000000000000000000000000000000000C4
:10CC700000000000000000000000000000000000B4
:10CC800000000000000000000000000000000000A4
:10CC90000000000000000000000000000000000094
:10CCA0000000000000000000000000000000000084
:10CCB0000000000000000000000000000000000074
:10CCC0000000000000000000000000000000000064
:10CCD0000000000000000000000000000000000054
:10CCE0000000000000000000000000000000000044
:10CCF0000000000000000000000000000000000034
:10CD00000000000000000000000000000000000023
:10CD10000000000000000000000000000000000013
:10CD20000000000000000000000000000000000003
:10CD300000000000000000000000000000000000F3
:10CD400000000000000000000000000000000000E3
:10CD500000000000000000000000000000000000D3
:10CD600000000000000000000000000000000000C3
:10CD700000000000000000000000000000000000B3
:10CD800000000000000000000000000000000000A3
:10CD90000000000000000000000000000000000093
:10CDA0000000000000000000000000000000000083
:10CDB0000000000000000000000000000000000073
:10CDC0000000000000000000000000000000000063
:10CDD0000000000000000000000000000000000053
:10CDE0000000000000000000000000000000000043
:10CDF0000000000000000000000000000000000033
:10CE00000000000000000000000000000000000022
:10CE10000000000000000000000000000000000012
:10CE20000000000000000000000000000000000002
:10CE300000000000000000000000000000000000F2
:10CE400000000000000000000000000000000000E2
:10CE500000000000000000000000000000000000D2
:10CE600000000000000000000000000000000000C2
:10CE700000000000000000000000000000000000B2
:10CE800000000000000000000000000000000000A2
:10CE90000000000000000000000000000000000092
:10CEA0000000000000000000000000000000000082
:10CEB0000000000000000000000000000000000072
:10CEC0000000000000000000000000000000000062
:10CED0000000000000000000000000000000000052
:10CEE0000000000000000000000000000000000042
:10CEF0000000000000000000000000000000000032
:10CF00000000000000000000000000000000000021
:10CF10000000000000000000000000000000000011
:10CF20000000000000000000000000000000000001
:10CF300000000000000000000000000000000000F1
:10CF400000000000000000000000000000000000E1
:10CF500000000000000000000000000000000000D1
:10CF600000000000000000000000000000000000C1
:10CF700000000000000000000000000000000000B1
:10CF800000000000000000000000000000000000A1
:10CF90000000000000000000000000000000000091
:10CFA0000000000000000000000000000000000081
:10CFB0000000000000000000000000000000000071
:10CFC0000000000000000000000000000000000061
:10CFD0000000000000000000000000000000000051
:10CFE0000000000000000000000000000000000041
:10CFF0000000000000000000000000000000000031
:10D000000000000000000000000000000000000020
:10D010000000000000000000000000000000000010
:10D020000000000000000000000000000000000000
:10D0300000000000000000000000000000000000F0
:10D0400000000000000000000000000000000000E0
:10D0500000000000000000000000000000000000D0
:10D0600000000000000000000000000000000000C0
:10D0700000000000000000000000000000000000B0
:10D0800000000000000000000000000000000000A0
:10D090000000000000000000000000000000000090
:10D0A0000000000000000000000000000000000080
:10D0B0000000000000000000000000000000000070
:10D0C0000000000000000000000000000000000060
:10D0D0000000000000000000000000000000000050
:10D0E0000000000000000000000000000000000040
:10D0F0000000000000000000000000000000000030
:10D10000000000000000000000000000000000001F
:10D11000000000000000000000000000000000000F
:10D1200000000000000000000000000000000000FF
:10D1300000000000000000000000000000000000EF
:10D1400000000000000000000000000000000000DF
:10D1500000000000000000000000000000000000CF
:10D1600000000000000000000000000000000000BF
:10D1700000000000000000000000000000000000AF
:10D18000000000000000000000000000000000009F
:10D19000000000000000000000000000000000008F
:10D1A000000000000000000000000000000000007F
:10D1B000000000000000000000000000000000006F
:10D1C000000000000000000000000000000000005F
:10D1D000000000000000000000000000000000004F
:10D1E000000000000000000000000000000000003F
:10D1F000000000000000000000000000000000002F
:10D20000000000000000000000000000000000001E
:10D21000000000000000000000000000000000000E
:10D2200000000000000000000000000000000000FE
:10D2300000000000000000000000000000000000EE
:10D2400000000000000000000000000000000000DE
:10D2500000000000000000000000000000000000CE
:10D2600000000000000000000000000000000000BE
:10D2700000000000000000000000000000000000AE
:10D28000000000000000000000000000000000009E
:10D29000000000000000000000000000000000008E
:10D2A000000000000000000000000000000000007E
:10D2B000000000000000000000000000000000006E
:10D2C000000000000000000000000000000000005E
:10D2D000000000000000000000000000000000004E
:10D2E000000000000000000000000000000000003E
:10D2F000000000000000000000000000000000002E
:10D30000000000000000000000000000000000001D
:10D31000000000000000000000000000000000000D
:10D3200000000000000000000000000000000000FD
:10D3300000000000000000000000000000000000ED
:10D3400000000000000000000000000000000000DD
:10D3500000000000000000000000000000000000CD
:10D3600000000000000000000000000000000000BD
:10D3700000000000000000000000000000000000AD
:10D38000000000000000000000000000000000009D
:10D39000000000000000000000000000000000008D
:10D3A000000000000000000000000000000000007D
:10D3B000000000000000000000000000000000006D
:10D3C000000000000000000000000000000000005D
:10D3D000000000000000000000000000000000004D
:10D3E000000000000000000000000000000000003D
:10D3F000000000000000000000000000000000002D
:10D40000000000000000000000000000000000001C
:10D41000000000000000000000000000000000000C
:10D4200000000000000000000000000000000000FC
:10D4300000000000000000000000000000000000EC
:10D4400000000000000000000000000000000000DC
:10D4500000000000000000000000000000000000CC
:10D4600000000000000000000000000000000000BC
:10D4700000000000000000000000000000000000AC
:10D48000000000000000000000000000000000009C
:10D49000000000000000000000000000000000008C
:10D4A000000000000000000000000000000000007C
:10D4B000000000000000000000000000000000006C
:10D4C000000000000000000000000000000000005C
:10D4D000000000000000000000000000000000004C
:10D4E000000000000000000000000000000000003C
:10D4F000000000000000000000000000000000002C
:10D50000000000000000000000000000000000001B
:10D51000000000000000000000000000000000000B
:10D5200000000000000000000000000000000000FB
:10D5300000000000000000000000000000000000EB
:10D5400000000000000000000000000000000000DB
:10D5500000000000000000000000000000000000CB
:10D5600000000000000000000000000000000000BB
:10D5700000000000000000000000000000000000AB
:10D58000000000000000000000000000000000009B
:10D59000000000000000000000000000000000008B
:10D5A000000000000000000000000000000000007B
:10D5B000000000000000000000000000000000006B
:10D5C000000000000000000000000000000000005B
:10D5D000000000000000000000000000000000004B
:10D5E000000000000000000000000000000000003B
:10D5F000000000000000000000000000000000002B
:10D60000000000000000000000000000000000001A
:10D61000000000000000000000000000000000000A
:10D6200000000000000000000000000000000000FA
:10D6300000000000000000000000000000000000EA
:10D6400000000000000000000000000000000000DA
:10D6500000000000000000000000000000000000CA
:10D6600000000000000000000000000000000000BA
:10D6700000000000000000000000000000000000AA
:10D68000000000000000000000000000000000009A
:10D69000000000000000000000000000000000008A
:10D6A000000000000000000000000000000000007A
:10D6B000000000000000000000000000000000006A
:10D6C000000000000000000000000000000000005A
:10D6D000000000000000000000000000000000004A
:10D6E000000000000000000000000000000000003A
:10D6F000000000000000000000000000000000002A
:10D700000000000000000000000000000000000019
:10D710000000000000000000000000000000000009
:10D7200000000000000000000000000000000000F9
:10D7300000000000000000000000000000000000E9
:10D7400000000000000000000000000000000000D9
:10D7500000000000000000000000000000000000C9
:10D7600000000000000000000000000000000000B9
:10D7700000000000000000000000000000000000A9
:10D780000000000000000000000000000000000099
:10D790000000000000000000000000000000000089
:10D7A0000000000000000000000000000000000079
:10D7B0000000000000000000000000000000000069
:10D7C0000000000000000000000000000000000059
:10D7D0000000000000000000000000000000000049
:10D7E0000000000000000000000000000000000039
:10D7F0000000000000000000000000000000000029
:10D800000000000000000000000000000000000018
:10D810000000000000000000000000000000000008
:10D8200000000000000000000000000000000000F8
:10D8300000000000000000000000000000000000E8
:10D8400000000000000000000000000000000000D8
:10D8500000000000000000000000000000000000C8
:10D8600000000000000000000000000000000000B8
:10D8700000000000000000000000000000000000A8
:10D880000000000000000000000000000000000098
:10D890000000000000000000000000000000000088
:10D8A0000000000000000000000000000000000078
:10D8B0000000000000000000000000000000000068
:10D8C0000000000000000000000000000000000058
:10D8D0000000000000000000000000000000000048
:10D8E0000000000000000000000000000000000038
:10D8F0000000000000000000000000000000000028
:10D900000000000000000000000000000000000017
:10D910000000000000000000000000000000000007
:10D9200000000000000000000000000000000000F7
:10D9300000000000000000000000000000000000E7
:10D9400000000000000000000000000000000000D7
:10D9500000000000000000000000000000000000C7
:10D9600000000000000000000000000000000000B7
:10D9700000000000000000000000000000000000A7
:10D980000000000000000000000000000000000097
:10D990000000000000000000000000000000000087
:10D9A0000000000000000000000000000000000077
:10D9B0000000000000000000000000000000000067
:10D9C0000000000000000000000000000000000057
:10D9D0000000000000000000000000000000000047
:10D9E0000000000000000000000000000000000037
:10D9F0000000000000000000000000000000000027
:10DA00000000000000000000000000000000000016
:10DA10000000000000000000000000000000000006
:10DA200000000000000000000000000000000000F6
:10DA300000000000000000000000000000000000E6
:10DA400000000000000000000000000000000000D6
:10DA500000000000000000000000000000000000C6
:10DA600000000000000000000000000000000000B6
:10DA700000000000000000000000000000000000A6
:10DA80000000000000000000000000000000000096
:10DA90000000000000000000000000000000000086
:10DAA0000000000000000000000000000000000076
:10DAB0000000000000000000000000000000000066
:10DAC0000000000000000000000000000000000056
:10DAD0000000000000000000000000000000000046
:10DAE0000000000000000000000000000000000036
:10DAF0000000000000000000000000000000000026
:10DB00000000000000000000000000000000000015
:10DB10000000000000000000000000000000000005
:10DB200000000000000000000000000000000000F5
:10DB300000000000000000000000000000000000E5
:10DB400000000000000000000000000000000000D5
:10DB500000000000000000000000000000000000C5
:10DB600000000000000000000000000000000000B5
:10DB700000000000000000000000000000000000A5
:10DB80000000000000000000000000000000000095
:10DB90000000000000000000000000000000000085
:10DBA0000000000000000000000000000000000075
:10DBB0000000000000000000000000000000000065
:10DBC0000000000000000000000000000000000055
:10DBD0000000000000000000000000000000000045
:10DBE0000000000000000000000000000000000035
:10DBF0000000000000000000000000000000000025
:10DC00000000000000000000000000000000000014
:10DC10000000000000000000000000000000000004
:10DC200000000000000000000000000000000000F4
:10DC300000000000000000000000000000000000E4
:10DC400000000000000000000000000000000000D4
:10DC500000000000000000000000000000000000C4
:10DC600000000000000000000000000000000000B4
:10DC700000000000000000000000000000000000A4
:10DC80000000000000000000000000000000000094
:10DC90000000000000000000000000000000000084
:10DCA0000000000000000000000000000000000074
:10DCB0000000000000000000000000000000000064
:10DCC0000000000000000000000000000000000054
:10DCD0000000000000000000000000000000000044
:10DCE0000000000000000000000000000000000034
:10DCF0000000000000000000000000000000000024
:10DD00000000000000000000000000000000000013
:10DD10000000000000000000000000000000000003
:10DD200000000000000000000000000000000000F3
:10DD300000000000000000000000000000000000E3
:10DD400000000000000000000000000000000000D3
:10DD500000000000000000000000000000000000C3
:10DD600000000000000000000000000000000000B3
:10DD700000000000000000000000000000000000A3
:10DD80000000000000000000000000000000000093
:10DD90000000000000000000000000000000000083
:10DDA0000000000000000000000000000000000073
:10DDB0000000000000000000000000000000000063
:10DDC0000000000000000000000000000000000053
:10DDD0000000000000000000000000000000000043
:10DDE0000000000000000000000000000000000033
:10DDF0000000000000000000000000000000000023
:10DE00000000000000000000000000000000000012
:10DE10000000000000000000000000000000000002
:10DE200000000000000000000000000000000000F2
:10DE300000000000000000000000000000000000E2
:10DE400000000000000000000000000000000000D2
:10DE500000000000000000000000000000000000C2
:10DE600000000000000000000000000000000000B2
:10DE700000000000000000000000000000000000A2
:10DE80000000000000000000000000000000000092
:10DE90000000000000000000000000000000000082
:10DEA0000000000000000000000000000000000072
:10DEB0000000000000000000000000000000000062
:10DEC0000000000000000000000000000000000052
:10DED0000000000000000000000000000000000042
:10DEE0000000000000000000000000000000000032
:10DEF0000000000000000000000000000000000022
:10DF00000000000000000000000000000000000011
:10DF10000000000000000000000000000000000001
:10DF200000000000000000000000000000000000F1
:10DF300000000000000000000000000000000000E1
:10DF400000000000000000000000000000000000D1
:10DF500000000000000000000000000000000000C1
:10DF600000000000000000000000000000000000B1
:10DF700000000000000000000000000000000000A1
:10DF80000000000000000000000000000000000091
:10DF90000000000000000000000000000000000081
:10DFA0000000000000000000000000000000000071
:10DFB0000000000000000000000000000000000061
:10DFC0000000000000000000000000000000000051
:10DFD0000000000000000000000000000000000041
:10DFE0000000000000000000000000000000000031
:10DFF0000000000000000000000000000000000021
:10E000000000000000000000000000000000000010
:10E010000000000000000000000000000000000000
:10E0200000000000000000000000000000000000F0
:10E0300000000000000000000000000000000000E0
:10E0400000000000000000000000000000000000D0
:10E0500000000000000000000000000000000000C0
:10E0600000000000000000000000000000000000B0
:10E0700000000000000000000000000000000000A0
:10E080000000000000000000000000000000000090
:10E090000000000000000000000000000000000080
:10E0A0000000000000000000000000000000000070
:10E0B0000000000000000000000000000000000060
:10E0C0000000000000000000000000000000000050
:10E0D0000000000000000000000000000000000040
:10E0E0000000000000000000000000000000000030
:10E0F0000000000000000000000000000000000020
:10E10000000000000000000000000000000000000F
:10E1100000000000000000000000000000000000FF
:10E1200000000000000000000000000000000000EF
:10E1300000000000000000000000000000000000DF
:10E1400000000000000000000000000000000000CF
:10E1500000000000000000000000000000000000BF
:10E1600000000000000000000000000000000000AF
:10E17000000000000000000000000000000000009F
:10E18000000000000000000000000000000000008F
:10E19000000000000000000000000000000000007F
:10E1A000000000000000000000000000000000006F
:10E1B000000000000000000000000000000000005F
:10E1C000000000000000000000000000000000004F
:10E1D000000000000000000000000000000000003F
:10E1E000000000000000000000000000000000002F
:10E1F000000000000000000000000000000000001F
:10E20000000000000000000000000000000000000E
:10E2100000000000000000000000000000000000FE
:10E2200000000000000000000000000000000000EE
:10E2300000000000000000000000000000000000DE
:10E2400000000000000000000000000000000000CE
:10E2500000000000000000000000000000000000BE
:10E2600000000000000000000000000000000000AE
:10E27000000000000000000000000000000000009E
:10E28000000000000000000000000000000000008E
:10E29000000000000000000000000000000000007E
:10E2A000000000000000000000000000000000006E
:10E2B000000000000000000000000000000000005E
:10E2C000000000000000000000000000000000004E
:10E2D000000000000000000000000000000000003E
:10E2E000000000000000000000000000000000002E
:10E2F000000000000000000000000000000000001E
:10E30000000000000000000000000000000000000D
:10E3100000000000000000000000000000000000FD
:10E3200000000000000000000000000000000000ED
:10E3300000000000000000000000000000000000DD
:10E3400000000000000000000000000000000000CD
:10E3500000000000000000000000000000000000BD
:10E3600000000000000000000000000000000000AD
:10E37000000000000000000000000000000000009D
:10E38000000000000000000000000000000000008D
:10E39000000000000000000000000000000000007D
:10E3A000000000000000000000000000000000006D
:10E3B000000000000000000000000000000000005D
:10E3C000000000000000000000000000000000004D
:10E3D000000000000000000000000000000000003D
:10E3E000000000000000000000000000000000002D
:10E3F000000000000000000000000000000000001D
:10E40000000000000000000000000000000000000C
:10E4100000000000000000000000000000000000FC
:10E4200000000000000000000000000000000000EC
:10E4300000000000000000000000000000000000DC
:10E4400000000000000000000000000000000000CC
:10E4500000000000000000000000000000000000BC
:10E4600000000000000000000000000000000000AC
:10E47000000000000000000000000000000000009C
:10E48000000000000000000000000000000000008C
:10E49000000000000000000000000000000000007C
:10E4A000000000000000000000000000000000006C
:10E4B000000000000000000000000000000000005C
:10E4C000000000000000000000000000000000004C
:10E4D000000000000000000000000000000000003C
:10E4E000000000000000000000000000000000002C
:10E4F000000000000000000000000000000000001C
:10E50000000000000000000000000000000000000B
:10E5100000000000000000000000000000000000FB
:10E5200000000000000000000000000000000000EB
:10E5300000000000000000000000000000000000DB
:10E5400000000000000000000000000000000000CB
:10E5500000000000000000000000000000000000BB
:10E5600000000000000000000000000000000000AB
:10E57000000000000000000000000000000000009B
:10E58000000000000000000000000000000000008B
:10E59000000000000000000000000000000000007B
:10E5A000000000000000000000000000000000006B
:10E5B000000000000000000000000000000000005B
:10E5C000000000000000000000000000000000004B
:10E5D000000000000000000000000000000000003B
:10E5E000000000000000000000000000000000002B
:10E5F000000000000000000000000000000000001B
:10E60000000000000000000000000000000000000A
:10E6100000000000000000000000000000000000FA
:10E6200000000000000000000000000000000000EA
:10E6300000000000000000000000000000000000DA
:10E6400000000000000000000000000000000000CA
:10E6500000000000000000000000000000000000BA
:10E6600000000000000000000000000000000000AA
:10E67000000000000000000000000000000000009A
:10E68000000000000000000000000000000000008A
:10E69000000000000000000000000000000000007A
:10E6A000000000000000000000000000000000006A
:10E6B000000000000000000000000000000000005A
:10E6C000000000000000000000000000000000004A
:10E6D000000000000000000000000000000000003A
:10E6E000000000000000000000000000000000002A
:10E6F000000000000000000000000000000000001A
:10E700000000000000000000000000000000000009
:10E7100000000000000000000000000000000000F9
:10E7200000000000000000000000000000000000E9
:10E7300000000000000000000000000000000000D9
:10E7400000000000000000000000000000000000C9
:10E7500000000000000000000000000000000000B9
:10E7600000000000000000000000000000000000A9
:10E770000000000000000000000000000000000099
:10E780000000000000000000000000000000000089
:10E790000000000000000000000000000000000079
:10E7A0000000000000000000000000000000000069
:10E7B0000000000000000000000000000000000059
:10E7C0000000000000000000000000000000000049
:10E7D0000000000000000000000000000000000039
:10E7E0000000000000000000000000000000000029
:10E7F0000000000000000000000000000000000019
:10E800000000000000000000000000000000000008
:10E8100000000000000000000000000000000000F8
:10E8200000000000000000000000000000000000E8
:10E8300000000000000000000000000000000000D8
:10E8400000000000000000000000000000000000C8
:10E8500000000000000000000000000000000000B8
:10E8600000000000000000000000000000000000A8
:10E870000000000000000000000000000000000098
:10E880000000000000000000000000000000000088
:10E890000000000000000000000000000000000078
:10E8A0000000000000000000000000000000000068
:10E8B0000000000000000000000000000000000058
:10E8C0000000000000000000000000000000000048
:10E8D0000000000000000000000000000000000038
:10E8E0000000000000000000000000000000000028
:10E8F0000000000000000000000000000000000018
:10E900000000000000000000000000000000000007
:10E9100000000000000000000000000000000000F7
:10E9200000000000000000000000000000000000E7
:10E9300000000000000000000000000000000000D7
:10E9400000000000000000000000000000000000C7
:10E9500000000000000000000000000000000000B7
:10E9600000000000000000000000000000000000A7
:10E970000000000000000000000000000000000097
:10E980000000000000000000000000000000000087
:10E990000000000000000000000000000000000077
:10E9A0000000000000000000000000000000000067
:10E9B0000000000000000000000000000000000057
:10E9C0000000000000000000000000000000000047
:10E9D0000000000000000000000000000000000037
:10E9E0000000000000000000000000000000000027
:10E9F0000000000000000000000000000000000017
:10EA00000000000000000000000000000000000006
:10EA100000000000000000000000000000000000F6
:10EA200000000000000000000000000000000000E6
:10EA300000000000000000000000000000000000D6
:10EA400000000000000000000000000000000000C6
:10EA500000000000000000000000000000000000B6
:10EA600000000000000000000000000000000000A6
:10EA70000000000000000000000000000000000096
:10EA80000000000000000000000000000000000086
:10EA90000000000000000000000000000000000076
:10EAA0000000000000000000000000000000000066
:10EAB0000000000000000000000000000000000056
:10EAC0000000000000000000000000000000000046
:10EAD0000000000000000000000000000000000036
:10EAE0000000000000000000000000000000000026
:10EAF0000000000000000000000000000000000016
:10EB00000000000000000000000000000000000005
:10EB100000000000000000000000000000000000F5
:10EB200000000000000000000000000000000000E5
:10EB300000000000000000000000000000000000D5
:10EB400000000000000000000000000000000000C5
:10EB500000000000000000000000000000000000B5
:10EB600000000000000000000000000000000000A5
:10EB70000000000000000000000000000000000095
:10EB80000000000000000000000000000000000085
:10EB90000000000000000000000000000000000075
:10EBA0000000000000000000000000000000000065
:10EBB0000000000000000000000000000000000055
:10EBC0000000000000000000000000000000000045
:10EBD0000000000000000000000000000000000035
:10EBE0000000000000000000000000000000000025
:10EBF0000000000000000000000000000000000015
:10EC00000000000000000000000000000000000004
:10EC100000000000000000000000000000000000F4
:10EC200000000000000000000000000000000000E4
:10EC300000000000000000000000000000000000D4
:10EC400000000000000000000000000000000000C4
:10EC500000000000000000000000000000000000B4
:10EC600000000000000000000000000000000000A4
:10EC70000000000000000000000000000000000094
:10EC80000000000000000000000000000000000084
:10EC90000000000000000000000000000000000074
:10ECA0000000000000000000000000000000000064
:10ECB0000000000000000000000000000000000054
:10ECC0000000000000000000000000000000000044
:10ECD0000000000000000000000000000000000034
:10ECE0000000000000000000000000000000000024
:10ECF0000000000000000000000000000000000014
:10ED00000000000000000000000000000000000003
:10ED100000000000000000000000000000000000F3
:10ED200000000000000000000000000000000000E3
:10ED300000000000000000000000000000000000D3
:10ED400000000000000000000000000000000000C3
:10ED500000000000000000000000000000000000B3
:10ED600000000000000000000000000000000000A3
:10ED70000000000000000000000000000000000093
:10ED80000000000000000000000000000000000083
:10ED90000000000000000000000000000000000073
:10EDA0000000000000000000000000000000000063
:10EDB0000000000000000000000000000000000053
:10EDC0000000000000000000000000000000000043
:10EDD0000000000000000000000000000000000033
:10EDE0000000000000000000000000000000000023
:10EDF0000000000000000000000000000000000013
:10EE00000000000000000000000000000000000002
:10EE100000000000000000000000000000000000F2
:10EE200000000000000000000000000000000000E2
:10EE300000000000000000000000000000000000D2
:10EE400000000000000000000000000000000000C2
:10EE500000000000000000000000000000000000B2
:10EE600000000000000000000000000000000000A2
:10EE70000000000000000000000000000000000092
:10EE80000000000000000000000000000000000082
:10EE90000000000000000000000000000000000072
:10EEA0000000000000000000000000000000000062
:10EEB0000000000000000000000000000000000052
:10EEC0000000000000000000000000000000000042
:10EED0000000000000000000000000000000000032
:10EEE0000000000000000000000000000000000022
:10EEF0000000000000000000000000000000000012
:10EF00000000000000000000000000000000000001
:10EF100000000000000000000000000000000000F1
:10EF200000000000000000000000000000000000E1
:10EF300000000000000000000000000000000000D1
:10EF400000000000000000000000000000000000C1
:10EF500000000000000000000000000000000000B1
:10EF600000000000000000000000000000000000A1
:10EF70000000000000000000000000000000000091
:10EF80000000000000000000000000000000000081
:10EF90000000000000000000000000000000000071
:10EFA0000000000000000000000000000000000061
:10EFB0000000000000000000000000000000000051
:10EFC0000000000000000000000000000000000041
:10EFD0000000000000000000000000000000000031
:10EFE0000000000000000000000000000000000021
:10EFF0000000000000000000000000000000000011
:10F00000C2AF758170E4F5B175B2807F05FE12FD67
:10F010002875B20C12F770753BEF753CFB853C828E
:10F02000853B83E4936402602A758F017FF47E013F
:10F0300012FD2875B2087F057E0012FD2875BC02FE
:10F040007FD07E0712FD2875BC0375B20C12FC5FE1
:10F0500012FDA702FDEEE54264AA600302F12DF560
:10F0600042752F11753008E524B405140530E530DC
:10F07000AE2F7002052F14F5828E837405F0801276
:10F080000530E530AE2F7002052F14F5828E8374A3
:10F0900006F00530E530AE2F7002052F14F5828E94
:10F0A000837449F0753B0C753C00853C82853B833D
:10F0B000E493FF0530E530AC2F7002052F14F58284
:10F0C0008C83EFF0753B0C753C01853C82853B835E
:10F0D000E493FF0530E530AC2F7002052F14F58264
:10F0E0008C83EFF0753B0C753C02853C82853B833D
:10F0F000E493FF0530E530AC2F7002052F14F58244
:10F100008C83EFF0753B0C753C03853C82853B831B
:10F11000E493FF0530E530AC2F7002052F14F58223
:10F120008C83EFF0539BF0759B0802F25F752F11F3
:10F13000753008E524B405140530E530AE2F7002B3
:10F14000052F14F5828E837405F080120530E530AA
:10F15000AE2F7002052F14F5828E837406F00530F1
:10F16000E530AE2F7002052F14F5828E837472F095
:10F17000E521B4010885313B85323C8006753BF0C2
:10F18000753C00E53C453B705A0530E530AE2F70CC
:10F1900002052F14F5828E837402F0753BEF753CE7
:10F1A000FC853C82853B83E493FF0530E530AC2F42
:10F1B0007002052F14F5828C83EFF0753BEF753CE0
:10F1C000FD853C82853B83E493FF0530E530AC2F21
:10F1D0007002052F14F5828C83EFF0753B00753CAF
:10F1E000038057853C82853B83E493FF0530E530FF
:10F1F000AC2F7002052F14F5828C83EFF012FD9E68
:10F20000853C82853B83E493FF0530E530AC2F706D
:10F2100002052F14F5828C83EFF012FD9E853C824F
:10F22000853B83E493FF0530E530AC2F7002052F5A
:10F2300014F5828C83EFF012FD9E853C82853B8322
:10F24000E493FF0530E530AC2F7002052F14F582F2
:10F250008C83EFF0E524B4050A539BF0439B0643EF
:10F2600097042212FD9E853C82853B83E493FF0533
:10F2700030E530AC2F7002052F14F5828C83EFF04F
:10F2800012FD9E853C82853B83E493853082852FE9
:10F2900083F0539BF0439B08439704E4F5B1E59753
:10F2A00020E2FBE4FF539BF0439B08752F11753060
:10F2B0000812FD9E853C82853B83E493FE0530E584
:10F2C00030AC2F7002052F12FD97853C82853B8361
:10F2D000E493FE0530E530AC2F7002052F12FD9748
:10F2E000853C82853B83E493FE0530E530AC2F708E
:10F2F00002052F12FD97853C82853B83E493FE0532
:10F3000030E530AC2F7002052F12FD97853C8285C9
:10F310003B83E493FE0530E530AC2F7002052F12DD
:10F32000FD97AC3BAD3CBCEF34BDFB310530E53067
:10F33000AC2F7002052F14F5828C83E4F00530E5C4
:10F3400030AC2F7002052F14F5828C83E4F08530E9
:10F3500082852F83F0753BEF753CFD803B853C82B9
:10F36000853B83E493FE0530E530AC2F7002052F1A
:10F3700012FD97853C82853B83E493FE0530E530A2
:10F38000AC2F7002052F12FD97853C82853B83E4EC
:10F3900093853082852F83F0439704E4F5B1E59798
:10F3A00020E2FB0FEFF4600302F2A5539BF0439BB6
:10F3B00002752F1175300812FD9E853C82853B83B6
:10F3C000E493FF0530E530AC2F7002052F14F58271
:10F3D0008C83EFF012FD9E853C82853B83E4938510
:10F3E0003082852F83F0439704E4F5B1E59720E25E
:10F3F000FB12FD9E853B31853C3222E52564017080
:10F400002FF535753612E529F52DE528F52EC3E5DE
:10F410002E9536E52D95355006AE2DAF2E8004AED7
:10F4200035AF368E358F36753BF9753CA802F5BF82
:10F43000E5256402702FF535753622E529F52DE5B1
:10F4400028F52EC3E52E9536E52D95355006AE2DC3
:10F45000AF2E8004AE35AF368E358F36753BF975DD
:10F460003CBA02F5BFE5256403600302F582E5249A
:10F470007033753BF9753C48853C82853B839375B9
:10F480003500F536E529F52DE528F52EC3E52E9551
:10F4900036E52D95355007AE2DAF2E02F5B4AE35BD
:10F4A000AF3602F5B4E52464017032753BF9753C62
:10F4B00014853C82853B8393753500F536E529F547
:10F4C0002DE528F52EC3E52E9536E52D953550060C
:10F4D000AE2DAF2E8004AE35AF3602F5B4E5246410
:10F4E000027032753BF8753CFE853C82853B839308
:10F4F000753500F536E529F52DE528F52EC3E52E01
:10F500009536E52D95355006AE2DAF2E8004AE35DF
:10F51000AF3602F5B4E52464037031753BF9753CF0
:10F520002D853C82853B8393753500F536E529F5BD
:10F530002DE528F52EC3E52E9536E52D953550069B
:10F54000AE2DAF2E8004AE35AF368068E524F47062
:10F550006B753BF9753C37853C82853B83937535EC
:10F5600000F536E529F52DE528F52EC3E52E95366F
:10F57000E52D95355006AE2DAF2E8004AE35AF3655
:10F580008032E52564227034E526702E753BF975CE
:10F590003C4CF53575365CE529F52DE528F52EC38F
:10F5A000E52E9536E52D95355006AE2DAF2E80040F
:10F5B000AE35AF368E358F368005800002FDE712FE
:10F5C000FB0A43970422E4F54212FD8685220CE5EE
:10F5D0002324BB700302F6F624FC700302F76024B8
:10F5E000F4700302F72124FE602B24FD700302F760
:10F5F0003524F1700302F73A24F2602B24256003CE
:10F6000002F763E4F531F532E5324525F531E524BD
:10F61000F53202F763E4F533F534E5344525F53387
:10F62000E524F53402F763D3E4953474F095335050
:10F630000302F763E5344533701AAD257FFC7EEF96
:10F6400012FD74AD267FFD7EEF12FD7475330075DB
:10F6500034038024AD24AF34AE3312FD7412FDCFD9
:10F66000AD25AF34AE3312FD7412FDCFAD26AF34ED
:10F67000AE3312FD7412FDCFAD27AF34AE3312FDA1
:10F6800074E522B4050302F763E522640660030211
:10F69000F76312FDCFAD28AF34AE3312FD7412FD07
:10F6A000CFAD29AF34AE3312FD74E4F50F12FD86F1
:10F6B000E4F51012FDCF74222510F8E6FDAF34AE4C
:10F6C0003312FD740510E510C3940840E6050FE5FC
:10F6D0000FC394FF40D712FD8612FDCFAD22AF3489
:10F6E000AE3312FD7412FDCFAD23AF34AE3312FD35
:10F6F0007412FDCF806D750F78E50F14FF12FDB504
:10F70000150FE50FD3940050F07DF07F017E0012BD
:10F71000FD74E4FD7F02FE12FD747D02E4FFFE80B5
:10F720000C539BF04397047D027FFB7EEF12FD7428
:10F73000752101802E75B10780FEAD247FF77EEF25
:10F7400012FD74AD257FF87EEF12FD74AD267FF9B2
:10F750007EEF12FD74AD277FFA7EEF12FD748003F9
:10F760007542AA539BF04397045392AF43970122EB
:10F77000C204750D96E4F5B153E9FC53E1FC7F0A30
:10F78000FE12FD2830810302F8EF20800302F8EF1B
:10F79000D204D50DE075111453E9FC53E1FCC2818C
:10F7A00043E10243E9017F017E0012FD2853E9FC99
:10F7B00053E1FC43E9027F0A7E0012FD28750E64C6
:10F7C000E4F5B1308103208004C2048003D50EF03B
:10F7D00020040302F89753E9FC53E1FCC28143E1A2
:10F7E0000243E9017F017E0012FD2853E9FC53E149
:10F7F000FC43E902C28043E1017F0A7E0012FD283A
:10F80000750E64E4F5B1208103308004C2048003E6
:10F81000D50EF020040302F89753E9FC53E1FCC233
:10F820008143E10243E9017F017E0012FD2853E993
:10F83000FC53E1FC7F0A7E0012FD28750E64E4F59E
:10F84000B1208103208004C2048003D50EF030046F
:10F850004653E9FC53E1FCC28143E10243E9017FE5
:10F86000017E0012FD2853E9FC53E1FCC28143E113
:10F87000027F0A7E0012FD28750E64E4F5B1208136
:10F8800003208004C2048003D50EF0300409151152
:10F89000E511600302F79830045753E9FC53E1FC8B
:10F8A000750E03753BEF753CFB853C82853B83E41D
:10F8B00093B4020BE4F5B17F7712FDB5D50EE443A6
:10F8C000E90253E1FD300409C204C28043E1018032
:10F8D00005D20453E1FE750FC3751050E510450FB6
:10F8E00060DDE4F5B1E510151070F1150F80EDC283
:10F8F0000453E9FC53E1FC750A09750B0622160353
:10F90000470061006D0069006E00670020004B0039
:10F91000420020001803530049004E004F00200011
:10F920005700450041004C0054004800000A0330D5
:10F930000030003000310010034200590020005414
:10F94000006500630068000004030904050109065E
:10F95000A1018501050719E029E7150025017501B9
:10F960009508810295067508150026FF0005071900
:10F97000002AFF008100C00600FF0901A1018505E2
:10F98000150025FF1901290575089505B102C00666
:10F9900000FF0901A1018506150025FF19012902B3
:10F9A0007508960108B102C012011001000000089C
:10F9B00003062010000101020001090222000101DA
:10F9C0000080320904000000030000000921110139
:10F9D0000001225C000705810308000AFFFDE7FF24
:10F9E000FCE6FFFD07FFF3FBFFF056FFF5C6FFFD4A
:10F9F000C2FFFD44000501000902800603800807DC
:10FA0000810603A10104210905210A06787FE4F695
:10FA1000D8FD75814302FA5302F000E493A3F8E4A1
:10FA200093A34003F68001F208DFF48029E493A356
:10FA3000F85407240CC8C333C4540F4420C883406F
:10FA400004F456800146F6DFE4800B01020408103E
:10FA500020408090FDFAE47E019360BCA3FF543FF8
:10FA600030E509541FFEE493A360010ECF54C02576
:10FA7000E060A840B8E493A3FAE493A3F8E493A366
:10FA8000C8C582C8CAC583CAF0A3C8C582C8CAC5CA
:10FA900083CADFE9DEE780BE859237E537604B53E6
:10FAA00092E753929FE53730E70553927F803BE51D
:10FAB0003730E40512FBD38031E53730E20553924D
:10FAC000FB8027E53730E1055392FD801DE5373097
:10FAD000E0185392FE439120000000000000539173
:10FAE000DF12FD605392AF439701859338E538608C
:10FAF0001830E40A5393EF5392AF43970122E5384D
:10FB000030E0065393FE12FCC022E53645357007FF
:10FB1000754302539BF022D3E5369408E5359400F3
:10FB2000401F75430174F82536F53674FF3535F5F9
:10FB30003512FC277408253CF53CE4353BF53B8049
:10FB400013E53664084535701275430212FC27E44C
:10FB5000F535F536539BF0439B0822754302AD36CD
:10FB600012FC29539BF0E536429BE4F535F536222D
:10FB7000752F11753000853082852F83E0F522A323
:10FB8000E0F523853082852F83A3A3E0F52485301B
:10FB900082852F83A3A3A3E0F525E5302404F58215
:10FBA000E4352FF583E0F526E5302405F582E435CC
:10FBB0002FF583E0F527E5302406F582E4352FF5AF
:10FBC00083E0F528E5302407F582E4352FF583E05E
:10FBD000F52922750DF9750EF412FB70E4F54185D7
:10FBE0000E82850D83E493B5220D740193B523072E
:10FBF000740293F54180167403250EF50EE4350D5D
:10FC0000F50DC3E50E940CE50D94FA40D2E541756F
:10FC1000F003A424DCF582E434F9F583740193FA4B
:10FC2000740293F902FDF47D08AF3CAE3B8E0F8F5A
:10FC300010752F11753008E4FFEFC39D502085101B
:10FC400082850F83E493FEE5302FF582E4352FF5AE
:10FC500083EEF00510E5107002050F0F80DB22E443
:10FC6000F580F5E9F5E1F590F5EAF5E2F598F5EBC3
:10FC7000F5E3F5A0F5ECF5E4F5B0F5EDF5E5F5887F
:10FC8000F5EEF5E6F5C0F5EFF5E7F5F8F5D9F5D1C0
:10FC900022E50C64056005E50CB4060675080575DB
:10FCA000090A8FF28508F3E4F5088509F4F509855A
:10FCB0000AF512FDD8F5F2F5F3F5F4F5F5F5F622AF
:10FCC000E543B4010812FB0A4397048012E543B4EC
:10FCD000020A5392AF439701439708224397085370
:10FCE00092AF43970122E4F543539BF043970243BD
:10FCF0009704E59330E0FB5393FE852496439708E1
:10FD00005392AF43970122E4F543E5966014E5244E
:10FD10006003B4010B85242B539BF04397048005AB
:10FD2000800012FDE702FDE000EF600B1F00000005
:10FD3000000000000080F2EE60051E7FFF80EA00F8
:10FD400000000022754302539BF0759B01752F1133
:10FD5000753008853082852F83E52BF04397042288
:10FD60004391C0E4F592F593759457759511F59606
:10FD700043A90122AB07AA06E4F5B18AF78BFB8DF4
:10FD8000FC7F6E02FC915392AF439701E59330E400
:10FD9000FB5393EF02FB7014F5828C83EEF0053C6D
:10FDA000E53C7002053B2212FD60E4F5B112FA98C1
:10FDB000E4F50C80F5E4F5B1EF25E0F5F77FE60218
:10FDC000FC91AF258F2C8F3D539BF0439704220568
:10FDD00034E5347002053322850BF6000000002262
:10FDE000539BF0439704224397084397022202EF64
:10FDF000FB0200008A838982E47300000000000097
:10FE000000000000000000000000000000000000F2
:10FE100000000000000000000000000000000000E2
:10FE200000000000000000000000000000000000D2
:10FE300000000000000000000000000000000000C2
:10FE400000000000000000000000000000000000B2
:10FE500000000000000000000000000000000000A2
:10FE60000000000000000000000000000000000092
:10FE70000000000000000000000000000000000082
:10FE80000000000000000000000000000000000072
:10FE90000000000000000000000000000000000062
:10FEA0000000000000000000000000000000000052
:10FEB0000000000000000000000000000000000042
:10FEC0000000000000000000000000000000000032
:10FED0000000000000000000000000000000000022
:10FEE0000000000000000000000000000000000012
:10FEF0000000000000000000000000000000000002
:10FF0000645A7032E5F064A5702CC2AF758170F54B
:10FF1000B112FC5FE4F591F592F593F594F595F542
:10FF200096F5B17FD07E0712FD28E4F5B1750A0978
:10FF3000750B0612FDA702FDEE0000000000000098
:10FF400000000000000000000000000000000000B1
:10FF500000000000000000000000000000000000A1
:10FF60000000000000000000000000000000000091
:10FF70000000000000000000000000000000000081
:10FF80000000000000000000000000000000000071
:10FF90000000000000000000000000000000000061
:10FFA0000000000000000000000000000000000051
:10FFB0000000000000000000000000000000000041
:10FFC0000000000000000000000000000000000031
:10FFD0000000000000000000000000000000000021
:10FFE0000000000000000000000000000000000011
:10FFF0000000000000000000000000000000000001
:00000001FF
